task_id,filename,new_since_previous_review,readable,width,height,resolution_ok,bottle_proxy_state,bottle_proxy_bbox_xyxy,bottle_proxy_angle_degrees,missing_count,present_items,status,review_status,outside_proxy_pct_gt25,outside_proxy_mean_absdiff,outside_proxy_pct_gt50,sha256,input_image_path,output_path
img2-0001,0001__true__missing_0__combo_bottle_proxy__manual_warranty_service__manual_battery_instruction__manual_download_service__manual_service_qr__copy_001.png,False,True,1448,1086,True,lying_bar,"[387, 380, 645, 579]",127.152,0,bottle_proxy|manual_warranty_service|manual_battery_instruction|manual_download_service|manual_service_qr,needs_rework_corrected_bottle_reference,rework_required,0.0497,6.519,0.0166,c6c2f49dcc3085a97531d724695f8c8708a3c3709de1fe2323224d4f8b39f4f8,/mnt/f/CodexWorkspace/assembly_line_optimize/synthetic_1000_atom_proxy_combinations/0001__true__missing_0__combo_bottle_proxy__manual_warranty_service__manual_battery_instruction__manual_download_service__manual_service_qr__copy_001.png,/mnt/f/CodexWorkspace/assembly_line_optimize/image2_ai_only_1000_atom_combinations/0001__true__missing_0__combo_bottle_proxy__manual_warranty_service__manual_battery_instruction__manual_download_service__manual_service_qr__copy_001.png
img2-0002,0002__true__missing_0__combo_bottle_proxy__manual_warranty_service__manual_battery_instruction__manual_download_service__manual_service_qr__copy_002.png,False,True,1448,1086,True,lying_bar,"[1284, 326, 1345, 642]",8.426,0,bottle_proxy|manual_warranty_service|manual_battery_instruction|manual_download_service|manual_service_qr,needs_rework_corrected_bottle_reference,rework_required,0.0642,7.114,0.0217,86aa78b7e46bcd0eda0b6cd3d69a93f4eb0168fce462c4075051cc99d2e99723,/mnt/f/CodexWorkspace/assembly_line_optimize/synthetic_1000_atom_proxy_combinations/0002__true__missing_0__combo_bottle_proxy__manual_warranty_service__manual_battery_instruction__manual_download_service__manual_service_qr__copy_002.png,/mnt/f/CodexWorkspace/assembly_line_optimize/image2_ai_only_1000_atom_combinations/0002__true__missing_0__combo_bottle_proxy__manual_warranty_service__manual_battery_instruction__manual_download_service__manual_service_qr__copy_002.png
img2-0003,0003__true__missing_0__combo_bottle_proxy__manual_warranty_service__manual_battery_instruction__manual_download_service__manual_service_qr__copy_003.png,False,True,1448,1086,True,lying_bar,"[52, 522, 361, 613]",75.827,0,bottle_proxy|manual_warranty_service|manual_battery_instruction|manual_download_service|manual_service_qr,needs_rework_corrected_bottle_reference,rework_required,0.0951,11.359,0.0561,7545403796cff4e2890bfca9b18f248910e8ef7174bf63197d6de5f914b5c1ea,/mnt/f/CodexWorkspace/assembly_line_optimize/synthetic_1000_atom_proxy_combinations/0003__true__missing_0__combo_bottle_proxy__manual_warranty_service__manual_battery_instruction__manual_download_service__manual_service_qr__copy_003.png,/mnt/f/CodexWorkspace/assembly_line_optimize/image2_ai_only_1000_atom_combinations/0003__true__missing_0__combo_bottle_proxy__manual_warranty_service__manual_battery_instruction__manual_download_service__manual_service_qr__copy_003.png
img2-0004,0004__true__missing_0__combo_bottle_proxy__manual_warranty_service__manual_battery_instruction__manual_download_service__manual_service_qr__copy_004.png,False,True,1448,1086,True,lying_bar,"[516, 384, 749, 610]",133.856,0,bottle_proxy|manual_warranty_service|manual_battery_instruction|manual_download_service|manual_service_qr,needs_rework_corrected_bottle_reference,rework_required,0.1071,12.738,0.0596,6be96f421e795836308b0e87e6b2601059d3a217289db35f62d05cc59a8ad203,/mnt/f/CodexWorkspace/assembly_line_optimize/synthetic_1000_atom_proxy_combinations/0004__true__missing_0__combo_bottle_proxy__manual_warranty_service__manual_battery_instruction__manual_download_service__manual_service_qr__copy_004.png,/mnt/f/CodexWorkspace/assembly_line_optimize/image2_ai_only_1000_atom_combinations/0004__true__missing_0__combo_bottle_proxy__manual_warranty_service__manual_battery_instruction__manual_download_service__manual_service_qr__copy_004.png
img2-0005,0005__true__missing_0__combo_bottle_proxy__manual_warranty_service__manual_battery_instruction__manual_download_service__manual_service_qr__copy_005.png,False,True,1448,1086,True,upright_dot,"[1186, 408, 1225, 447]",,0,bottle_proxy|manual_warranty_service|manual_battery_instruction|manual_download_service|manual_service_qr,needs_rework_upright_scale_v2,rework_required_upright_too_small,0.0787,9.012,0.0341,b7dc1cfbab328c530c6ed76c8bb72e9357ef4afecc0435322cbf6bd1b9e13f08,/mnt/f/CodexWorkspace/assembly_line_optimize/synthetic_1000_atom_proxy_combinations/0005__true__missing_0__combo_bottle_proxy__manual_warranty_service__manual_battery_instruction__manual_download_service__manual_service_qr__copy_005.png,/mnt/f/CodexWorkspace/assembly_line_optimize/image2_ai_only_1000_atom_combinations/0005__true__missing_0__combo_bottle_proxy__manual_warranty_service__manual_battery_instruction__manual_download_service__manual_service_qr__copy_005.png
img2-0006,0006__true__missing_0__combo_bottle_proxy__manual_warranty_service__manual_battery_instruction__manual_download_service__manual_service_qr__copy_006.png,False,True,1448,1086,True,upright_dot,"[930, 112, 969, 151]",,0,bottle_proxy|manual_warranty_service|manual_battery_instruction|manual_download_service|manual_service_qr,needs_rework_upright_scale_v2,rework_required_upright_too_small,0.1767,19.502,0.1182,ffa1c6b0d8948ad28b2082a63916df2e1da2c05de79df29de1fabd82f60101e4,/mnt/f/CodexWorkspace/assembly_line_optimize/synthetic_1000_atom_proxy_combinations/0006__true__missing_0__combo_bottle_proxy__manual_warranty_service__manual_battery_instruction__manual_download_service__manual_service_qr__copy_006.png,/mnt/f/CodexWorkspace/assembly_line_optimize/image2_ai_only_1000_atom_combinations/0006__true__missing_0__combo_bottle_proxy__manual_warranty_service__manual_battery_instruction__manual_download_service__manual_service_qr__copy_006.png
img2-0007,0007__true__missing_0__combo_bottle_proxy__manual_warranty_service__manual_battery_instruction__manual_download_service__manual_service_qr__copy_007.png,False,True,1448,1086,True,upright_dot,"[536, 990, 575, 1029]",,0,bottle_proxy|manual_warranty_service|manual_battery_instruction|manual_download_service|manual_service_qr,needs_rework_upright_scale_v2,rework_required_upright_too_small,0.0969,10.766,0.0518,63334d38140b3d4ff488760f6d6b67933e0b20005b6ac7a9dd58f4466c562c3e,/mnt/f/CodexWorkspace/assembly_line_optimize/synthetic_1000_atom_proxy_combinations/0007__true__missing_0__combo_bottle_proxy__manual_warranty_service__manual_battery_instruction__manual_download_service__manual_service_qr__copy_007.png,/mnt/f/CodexWorkspace/assembly_line_optimize/image2_ai_only_1000_atom_combinations/0007__true__missing_0__combo_bottle_proxy__manual_warranty_service__manual_battery_instruction__manual_download_service__manual_service_qr__copy_007.png
img2-0008,0008__true__missing_0__combo_bottle_proxy__manual_warranty_service__manual_battery_instruction__manual_download_service__manual_service_qr__copy_008.png,False,True,1448,1086,True,lying_bar,"[414, 382, 601, 649]",34.276,0,bottle_proxy|manual_warranty_service|manual_battery_instruction|manual_download_service|manual_service_qr,completed_visual_reference_copy,ready_visual_review_provenance_risk,0.0,0.0,0.0,88d6c04d01d4983b682cbfce6296d7df893861a05a4641728f900427abcb8845,/mnt/f/CodexWorkspace/assembly_line_optimize/synthetic_1000_atom_proxy_combinations/0008__true__missing_0__combo_bottle_proxy__manual_warranty_service__manual_battery_instruction__manual_download_service__manual_service_qr__copy_008.png,/mnt/f/CodexWorkspace/assembly_line_optimize/image2_ai_only_1000_atom_combinations/0008__true__missing_0__combo_bottle_proxy__manual_warranty_service__manual_battery_instruction__manual_download_service__manual_service_qr__copy_008.png
img2-0009,0009__true__missing_0__combo_bottle_proxy__manual_warranty_service__manual_battery_instruction__manual_download_service__manual_service_qr__copy_009.png,False,True,1448,1086,True,lying_bar,"[996, 272, 1314, 321]",96.166,0,bottle_proxy|manual_warranty_service|manual_battery_instruction|manual_download_service|manual_service_qr,completed_visual_reference_copy,ready_visual_review_provenance_risk,0.0,0.0,0.0,19981a357d05b364ee5028b9d7e6c842874d727f30d3792ab59bec72c9dc4300,/mnt/f/CodexWorkspace/assembly_line_optimize/synthetic_1000_atom_proxy_combinations/0009__true__missing_0__combo_bottle_proxy__manual_warranty_service__manual_battery_instruction__manual_download_service__manual_service_qr__copy_009.png,/mnt/f/CodexWorkspace/assembly_line_optimize/image2_ai_only_1000_atom_combinations/0009__true__missing_0__combo_bottle_proxy__manual_warranty_service__manual_battery_instruction__manual_download_service__manual_service_qr__copy_009.png
img2-0010,0010__true__missing_0__combo_bottle_proxy__manual_warranty_service__manual_battery_instruction__manual_download_service__manual_service_qr__copy_010.png,False,True,1448,1086,True,lying_bar,"[798, 536, 1070, 715]",57.601,0,bottle_proxy|manual_warranty_service|manual_battery_instruction|manual_download_service|manual_service_qr,completed_visual_reference_copy,ready_visual_review_provenance_risk,0.0,0.0,0.0,df21591f996dd3c38374089f63294d7a88f7be63691687d8f2d6c6b7a859dad3,/mnt/f/CodexWorkspace/assembly_line_optimize/synthetic_1000_atom_proxy_combinations/0010__true__missing_0__combo_bottle_proxy__manual_warranty_service__manual_battery_instruction__manual_download_service__manual_service_qr__copy_010.png,/mnt/f/CodexWorkspace/assembly_line_optimize/image2_ai_only_1000_atom_combinations/0010__true__missing_0__combo_bottle_proxy__manual_warranty_service__manual_battery_instruction__manual_download_service__manual_service_qr__copy_010.png
img2-0011,0011__true__missing_0__combo_bottle_proxy__manual_warranty_service__manual_battery_instruction__manual_download_service__manual_service_qr__copy_011.png,False,True,1448,1086,True,lying_bar,"[1038, 242, 1264, 477]",136.284,0,bottle_proxy|manual_warranty_service|manual_battery_instruction|manual_download_service|manual_service_qr,completed_visual_reference_copy,ready_visual_review_provenance_risk,0.0,0.0,0.0,2d4064da8aaf6b4f182235880d00d495ff34900ea1225dc197096883ef7a8349,/mnt/f/CodexWorkspace/assembly_line_optimize/synthetic_1000_atom_proxy_combinations/0011__true__missing_0__combo_bottle_proxy__manual_warranty_service__manual_battery_instruction__manual_download_service__manual_service_qr__copy_011.png,/mnt/f/CodexWorkspace/assembly_line_optimize/image2_ai_only_1000_atom_combinations/0011__true__missing_0__combo_bottle_proxy__manual_warranty_service__manual_battery_instruction__manual_download_service__manual_service_qr__copy_011.png
img2-0012,0012__true__missing_0__combo_bottle_proxy__manual_warranty_service__manual_battery_instruction__manual_download_service__manual_service_qr__copy_012.png,False,True,1448,1086,True,lying_bar,"[888, 354, 1145, 555]",127.528,0,bottle_proxy|manual_warranty_service|manual_battery_instruction|manual_download_service|manual_service_qr,completed_visual_reference_copy,ready_visual_review_provenance_risk,0.0,0.0,0.0,4cb20b3d33a5d758a454d76bcfbf60344196300427379fa0e998f660a0289651,/mnt/f/CodexWorkspace/assembly_line_optimize/synthetic_1000_atom_proxy_combinations/0012__true__missing_0__combo_bottle_proxy__manual_warranty_service__manual_battery_instruction__manual_download_service__manual_service_qr__copy_012.png,/mnt/f/CodexWorkspace/assembly_line_optimize/image2_ai_only_1000_atom_combinations/0012__true__missing_0__combo_bottle_proxy__manual_warranty_service__manual_battery_instruction__manual_download_service__manual_service_qr__copy_012.png
img2-0013,0013__true__missing_0__combo_bottle_proxy__manual_warranty_service__manual_battery_instruction__manual_download_service__manual_service_qr__copy_013.png,False,True,1448,1086,True,lying_bar,"[202, 297, 451, 507]",50.179,0,bottle_proxy|manual_warranty_service|manual_battery_instruction|manual_download_service|manual_service_qr,completed_visual_reference_copy,ready_visual_review_provenance_risk,0.0,0.0,0.0,f87363fdcf32ec1a7453c1f8cdcc40ecc9ce195b9b5dd4498fa55a7ff4716c53,/mnt/f/CodexWorkspace/assembly_line_optimize/synthetic_1000_atom_proxy_combinations/0013__true__missing_0__combo_bottle_proxy__manual_warranty_service__manual_battery_instruction__manual_download_service__manual_service_qr__copy_013.png,/mnt/f/CodexWorkspace/assembly_line_optimize/image2_ai_only_1000_atom_combinations/0013__true__missing_0__combo_bottle_proxy__manual_warranty_service__manual_battery_instruction__manual_download_service__manual_service_qr__copy_013.png
img2-0014,0014__true__missing_0__combo_bottle_proxy__manual_warranty_service__manual_battery_instruction__manual_download_service__manual_service_qr__copy_014.png,False,True,1448,1086,True,lying_bar,"[272, 622, 443, 900]",149.357,0,bottle_proxy|manual_warranty_service|manual_battery_instruction|manual_download_service|manual_service_qr,completed_visual_reference_copy,ready_visual_review_provenance_risk,0.0,0.0,0.0,d0387ffad5d2f532f74b7ec373b88493cf81ba2eb8bc2d04eb8f4c24eddf30e1,/mnt/f/CodexWorkspace/assembly_line_optimize/synthetic_1000_atom_proxy_combinations/0014__true__missing_0__combo_bottle_proxy__manual_warranty_service__manual_battery_instruction__manual_download_service__manual_service_qr__copy_014.png,/mnt/f/CodexWorkspace/assembly_line_optimize/image2_ai_only_1000_atom_combinations/0014__true__missing_0__combo_bottle_proxy__manual_warranty_service__manual_battery_instruction__manual_download_service__manual_service_qr__copy_014.png
img2-0015,0015__true__missing_0__combo_bottle_proxy__manual_warranty_service__manual_battery_instruction__manual_download_service__manual_service_qr__copy_015.png,False,True,1448,1086,True,lying_bar,"[979, 865, 1289, 957]",104.751,0,bottle_proxy|manual_warranty_service|manual_battery_instruction|manual_download_service|manual_service_qr,completed_visual_reference_copy,ready_visual_review_provenance_risk,0.0,0.0,0.0,421f0de6a2b8a560504e9b14871570d70761ad2861a7a3098d1b3b57af71a43b,/mnt/f/CodexWorkspace/assembly_line_optimize/synthetic_1000_atom_proxy_combinations/0015__true__missing_0__combo_bottle_proxy__manual_warranty_service__manual_battery_instruction__manual_download_service__manual_service_qr__copy_015.png,/mnt/f/CodexWorkspace/assembly_line_optimize/image2_ai_only_1000_atom_combinations/0015__true__missing_0__combo_bottle_proxy__manual_warranty_service__manual_battery_instruction__manual_download_service__manual_service_qr__copy_015.png
img2-0016,0016__true__missing_0__combo_bottle_proxy__manual_warranty_service__manual_battery_instruction__manual_download_service__manual_service_qr__copy_016.png,False,True,1448,1086,True,lying_bar,"[1086, 280, 1299, 527]",139.575,0,bottle_proxy|manual_warranty_service|manual_battery_instruction|manual_download_service|manual_service_qr,completed_visual_reference_copy,ready_visual_review_provenance_risk,0.0,0.0,0.0,74e59017126ad042a60ac793426c779a1ac014cf473da80c6094db2e58f5f12c,/mnt/f/CodexWorkspace/assembly_line_optimize/synthetic_1000_atom_proxy_combinations/0016__true__missing_0__combo_bottle_proxy__manual_warranty_service__manual_battery_instruction__manual_download_service__manual_service_qr__copy_016.png,/mnt/f/CodexWorkspace/assembly_line_optimize/image2_ai_only_1000_atom_combinations/0016__true__missing_0__combo_bottle_proxy__manual_warranty_service__manual_battery_instruction__manual_download_service__manual_service_qr__copy_016.png
img2-0017,0017__true__missing_0__combo_bottle_proxy__manual_warranty_service__manual_battery_instruction__manual_download_service__manual_service_qr__copy_017.png,False,True,1448,1086,True,upright_dot,"[1378, 986, 1417, 1025]",,0,bottle_proxy|manual_warranty_service|manual_battery_instruction|manual_download_service|manual_service_qr,needs_rework_upright_scale_v2,rework_required_upright_too_small,0.0928,10.424,0.0503,997919c34e0f5f1bc75d59be4c68a726a05176ad56d0765dbd8c203e392c9e03,/mnt/f/CodexWorkspace/assembly_line_optimize/synthetic_1000_atom_proxy_combinations/0017__true__missing_0__combo_bottle_proxy__manual_warranty_service__manual_battery_instruction__manual_download_service__manual_service_qr__copy_017.png,/mnt/f/CodexWorkspace/assembly_line_optimize/image2_ai_only_1000_atom_combinations/0017__true__missing_0__combo_bottle_proxy__manual_warranty_service__manual_battery_instruction__manual_download_service__manual_service_qr__copy_017.png
img2-0018,0018__true__missing_0__combo_bottle_proxy__manual_warranty_service__manual_battery_instruction__manual_download_service__manual_service_qr__copy_018.png,False,True,1448,1086,True,lying_bar,"[838, 757, 1152, 827]",100.577,0,bottle_proxy|manual_warranty_service|manual_battery_instruction|manual_download_service|manual_service_qr,completed_visual_reference_copy,ready_visual_review_provenance_risk,0.0,0.0,0.0,b5fb7fe70458dcc77117a3f75a50259dfdc4169362764cfd928c54cc8e12c364,/mnt/f/CodexWorkspace/assembly_line_optimize/synthetic_1000_atom_proxy_combinations/0018__true__missing_0__combo_bottle_proxy__manual_warranty_service__manual_battery_instruction__manual_download_service__manual_service_qr__copy_018.png,/mnt/f/CodexWorkspace/assembly_line_optimize/image2_ai_only_1000_atom_combinations/0018__true__missing_0__combo_bottle_proxy__manual_warranty_service__manual_battery_instruction__manual_download_service__manual_service_qr__copy_018.png
img2-0019,0019__true__missing_0__combo_bottle_proxy__manual_warranty_service__manual_battery_instruction__manual_download_service__manual_service_qr__copy_019.png,False,True,1448,1086,True,lying_bar,"[434, 271, 650, 515]",41.204,0,bottle_proxy|manual_warranty_service|manual_battery_instruction|manual_download_service|manual_service_qr,completed_visual_reference_copy,ready_visual_review_provenance_risk,0.0,0.0,0.0,ccbb80ff4fcb803b4b3ebf12d8cdb4dfb359124f24aad270dd55797d23075483,/mnt/f/CodexWorkspace/assembly_line_optimize/synthetic_1000_atom_proxy_combinations/0019__true__missing_0__combo_bottle_proxy__manual_warranty_service__manual_battery_instruction__manual_download_service__manual_service_qr__copy_019.png,/mnt/f/CodexWorkspace/assembly_line_optimize/image2_ai_only_1000_atom_combinations/0019__true__missing_0__combo_bottle_proxy__manual_warranty_service__manual_battery_instruction__manual_download_service__manual_service_qr__copy_019.png
img2-0020,0020__true__missing_0__combo_bottle_proxy__manual_warranty_service__manual_battery_instruction__manual_download_service__manual_service_qr__copy_020.png,False,True,1448,1086,True,lying_bar,"[516, 310, 834, 345]",86.18,0,bottle_proxy|manual_warranty_service|manual_battery_instruction|manual_download_service|manual_service_qr,completed_visual_reference_copy,ready_visual_review_provenance_risk,0.0,0.0,0.0,04f2a87a10885efc92bd36ea7730496984aae5dc6606be40afbb0b6daefad01c,/mnt/f/CodexWorkspace/assembly_line_optimize/synthetic_1000_atom_proxy_combinations/0020__true__missing_0__combo_bottle_proxy__manual_warranty_service__manual_battery_instruction__manual_download_service__manual_service_qr__copy_020.png,/mnt/f/CodexWorkspace/assembly_line_optimize/image2_ai_only_1000_atom_combinations/0020__true__missing_0__combo_bottle_proxy__manual_warranty_service__manual_battery_instruction__manual_download_service__manual_service_qr__copy_020.png
img2-0021,0021__true__missing_0__combo_bottle_proxy__manual_warranty_service__manual_battery_instruction__manual_download_service__manual_service_qr__copy_021.png,False,True,1448,1086,True,lying_bar,"[719, 752, 975, 955]",127.947,0,bottle_proxy|manual_warranty_service|manual_battery_instruction|manual_download_service|manual_service_qr,completed_visual_reference_copy,ready_visual_review_provenance_risk,0.0,0.0,0.0,c29a0b6615071d7407ccb2d384cc2415b3f9e6efb1bf5dba93660246c4346c58,/mnt/f/CodexWorkspace/assembly_line_optimize/synthetic_1000_atom_proxy_combinations/0021__true__missing_0__combo_bottle_proxy__manual_warranty_service__manual_battery_instruction__manual_download_service__manual_service_qr__copy_021.png,/mnt/f/CodexWorkspace/assembly_line_optimize/image2_ai_only_1000_atom_combinations/0021__true__missing_0__combo_bottle_proxy__manual_warranty_service__manual_battery_instruction__manual_download_service__manual_service_qr__copy_021.png
img2-0022,0022__true__missing_0__combo_bottle_proxy__manual_warranty_service__manual_battery_instruction__manual_download_service__manual_service_qr__copy_022.png,False,True,1448,1086,True,lying_bar,"[894, 429, 1181, 583]",63.146,0,bottle_proxy|manual_warranty_service|manual_battery_instruction|manual_download_service|manual_service_qr,completed_visual_reference_copy,ready_visual_review_provenance_risk,0.0,0.0,0.0,bc9434218bdfab38cad18d4c93356a93738be9ec98a92ff74bde8560c7ccefb9,/mnt/f/CodexWorkspace/assembly_line_optimize/synthetic_1000_atom_proxy_combinations/0022__true__missing_0__combo_bottle_proxy__manual_warranty_service__manual_battery_instruction__manual_download_service__manual_service_qr__copy_022.png,/mnt/f/CodexWorkspace/assembly_line_optimize/image2_ai_only_1000_atom_combinations/0022__true__missing_0__combo_bottle_proxy__manual_warranty_service__manual_battery_instruction__manual_download_service__manual_service_qr__copy_022.png
img2-0023,0023__true__missing_0__combo_bottle_proxy__manual_warranty_service__manual_battery_instruction__manual_download_service__manual_service_qr__copy_023.png,False,True,1448,1086,True,lying_bar,"[937, 868, 1233, 1005]",113.221,0,bottle_proxy|manual_warranty_service|manual_battery_instruction|manual_download_service|manual_service_qr,completed_visual_reference_copy,ready_visual_review_provenance_risk,0.0,0.0,0.0,0062f85b83edf43b4a328316a8e8b1500bc3ec70d3e04c267c718cef5ae4c725,/mnt/f/CodexWorkspace/assembly_line_optimize/synthetic_1000_atom_proxy_combinations/0023__true__missing_0__combo_bottle_proxy__manual_warranty_service__manual_battery_instruction__manual_download_service__manual_service_qr__copy_023.png,/mnt/f/CodexWorkspace/assembly_line_optimize/image2_ai_only_1000_atom_combinations/0023__true__missing_0__combo_bottle_proxy__manual_warranty_service__manual_battery_instruction__manual_download_service__manual_service_qr__copy_023.png
img2-0024,0024__true__missing_0__combo_bottle_proxy__manual_warranty_service__manual_battery_instruction__manual_download_service__manual_service_qr__copy_024.png,False,True,1448,1086,True,lying_bar,"[860, 751, 1139, 919]",119.914,0,bottle_proxy|manual_warranty_service|manual_battery_instruction|manual_download_service|manual_service_qr,completed_visual_reference_copy,ready_visual_review_provenance_risk,0.0,0.0,0.0,ddf9366d271c3a01ef14db49e03d4f70486e3d02366236d8390ae264ad0a800f,/mnt/f/CodexWorkspace/assembly_line_optimize/synthetic_1000_atom_proxy_combinations/0024__true__missing_0__combo_bottle_proxy__manual_warranty_service__manual_battery_instruction__manual_download_service__manual_service_qr__copy_024.png,/mnt/f/CodexWorkspace/assembly_line_optimize/image2_ai_only_1000_atom_combinations/0024__true__missing_0__combo_bottle_proxy__manual_warranty_service__manual_battery_instruction__manual_download_service__manual_service_qr__copy_024.png
img2-0025,0025__true__missing_0__combo_bottle_proxy__manual_warranty_service__manual_battery_instruction__manual_download_service__manual_service_qr__copy_025.png,False,True,1448,1086,True,upright_dot,"[810, 246, 849, 285]",,0,bottle_proxy|manual_warranty_service|manual_battery_instruction|manual_download_service|manual_service_qr,needs_rework_upright_scale_v2,rework_required_upright_too_small,0.342,43.367,0.2786,6ca62118990b2f219a0ec7a9733a35e07ade04bf8395adc4b9ce05e7fa67a419,/mnt/f/CodexWorkspace/assembly_line_optimize/synthetic_1000_atom_proxy_combinations/0025__true__missing_0__combo_bottle_proxy__manual_warranty_service__manual_battery_instruction__manual_download_service__manual_service_qr__copy_025.png,/mnt/f/CodexWorkspace/assembly_line_optimize/image2_ai_only_1000_atom_combinations/0025__true__missing_0__combo_bottle_proxy__manual_warranty_service__manual_battery_instruction__manual_download_service__manual_service_qr__copy_025.png
img2-0026,0026__true__missing_0__combo_bottle_proxy__manual_warranty_service__manual_battery_instruction__manual_download_service__manual_service_qr__copy_026.png,False,True,1448,1086,True,lying_bar,"[76, 687, 295, 929]",41.878,0,bottle_proxy|manual_warranty_service|manual_battery_instruction|manual_download_service|manual_service_qr,completed_visual_reference_copy,ready_visual_review_provenance_risk,0.0,0.0,0.0,fa5506e9bf442dc2bd1ee3906cc2cf2e541bd19f64593ffe12839abfa33a270e,/mnt/f/CodexWorkspace/assembly_line_optimize/synthetic_1000_atom_proxy_combinations/0026__true__missing_0__combo_bottle_proxy__manual_warranty_service__manual_battery_instruction__manual_download_service__manual_service_qr__copy_026.png,/mnt/f/CodexWorkspace/assembly_line_optimize/image2_ai_only_1000_atom_combinations/0026__true__missing_0__combo_bottle_proxy__manual_warranty_service__manual_battery_instruction__manual_download_service__manual_service_qr__copy_026.png
img2-0027,0027__true__missing_0__combo_bottle_proxy__manual_warranty_service__manual_battery_instruction__manual_download_service__manual_service_qr__copy_027.png,False,True,1448,1086,True,lying_bar,"[306, 800, 618, 885]",102.889,0,bottle_proxy|manual_warranty_service|manual_battery_instruction|manual_download_service|manual_service_qr,completed_visual_reference_copy,ready_visual_review_provenance_risk,0.0,0.0,0.0,d01570008dc05774c0ea1eeadfe5d5012b4b8e22b958bb0499dcf316aa9e2a8d,/mnt/f/CodexWorkspace/assembly_line_optimize/synthetic_1000_atom_proxy_combinations/0027__true__missing_0__combo_bottle_proxy__manual_warranty_service__manual_battery_instruction__manual_download_service__manual_service_qr__copy_027.png,/mnt/f/CodexWorkspace/assembly_line_optimize/image2_ai_only_1000_atom_combinations/0027__true__missing_0__combo_bottle_proxy__manual_warranty_service__manual_battery_instruction__manual_download_service__manual_service_qr__copy_027.png
img2-0028,0028__true__missing_0__combo_bottle_proxy__manual_warranty_service__manual_battery_instruction__manual_download_service__manual_service_qr__copy_028.png,False,True,1448,1086,True,lying_bar,"[840, 654, 885, 972]",5.49,0,bottle_proxy|manual_warranty_service|manual_battery_instruction|manual_download_service|manual_service_qr,completed_visual_reference_copy,ready_visual_review_provenance_risk,0.0,0.0,0.0,f498f967df83d1d34bc2b09964e2dba85c4f9a6d4a66cbea01e6dce339145ac4,/mnt/f/CodexWorkspace/assembly_line_optimize/synthetic_1000_atom_proxy_combinations/0028__true__missing_0__combo_bottle_proxy__manual_warranty_service__manual_battery_instruction__manual_download_service__manual_service_qr__copy_028.png,/mnt/f/CodexWorkspace/assembly_line_optimize/image2_ai_only_1000_atom_combinations/0028__true__missing_0__combo_bottle_proxy__manual_warranty_service__manual_battery_instruction__manual_download_service__manual_service_qr__copy_028.png
img2-0029,0029__true__missing_0__combo_bottle_proxy__manual_warranty_service__manual_battery_instruction__manual_download_service__manual_service_qr__copy_029.png,False,True,1448,1086,True,lying_bar,"[84, 140, 275, 404]",144.77,0,bottle_proxy|manual_warranty_service|manual_battery_instruction|manual_download_service|manual_service_qr,completed_visual_reference_copy,ready_visual_review_provenance_risk,0.0,0.0,0.0,2d090b737cf62c9ca3aa78085d9d85765e1c58d44985035b78a3eb9a7629996b,/mnt/f/CodexWorkspace/assembly_line_optimize/synthetic_1000_atom_proxy_combinations/0029__true__missing_0__combo_bottle_proxy__manual_warranty_service__manual_battery_instruction__manual_download_service__manual_service_qr__copy_029.png,/mnt/f/CodexWorkspace/assembly_line_optimize/image2_ai_only_1000_atom_combinations/0029__true__missing_0__combo_bottle_proxy__manual_warranty_service__manual_battery_instruction__manual_download_service__manual_service_qr__copy_029.png
img2-0030,0030__true__missing_0__combo_bottle_proxy__manual_warranty_service__manual_battery_instruction__manual_download_service__manual_service_qr__copy_030.png,False,True,1448,1086,True,lying_bar,"[1120, 586, 1423, 699]",108.517,0,bottle_proxy|manual_warranty_service|manual_battery_instruction|manual_download_service|manual_service_qr,completed_visual_reference_copy,ready_visual_review_provenance_risk,0.0,0.0,0.0,353939fc505db2486978a5f83ba1eaf83ca87b8d11be207854aa66e3a5c35498,/mnt/f/CodexWorkspace/assembly_line_optimize/synthetic_1000_atom_proxy_combinations/0030__true__missing_0__combo_bottle_proxy__manual_warranty_service__manual_battery_instruction__manual_download_service__manual_service_qr__copy_030.png,/mnt/f/CodexWorkspace/assembly_line_optimize/image2_ai_only_1000_atom_combinations/0030__true__missing_0__combo_bottle_proxy__manual_warranty_service__manual_battery_instruction__manual_download_service__manual_service_qr__copy_030.png
img2-0031,0031__true__missing_0__combo_bottle_proxy__manual_warranty_service__manual_battery_instruction__manual_download_service__manual_service_qr__copy_031.png,False,True,1448,1086,True,lying_bar,"[57, 623, 109, 941]",7.036,0,bottle_proxy|manual_warranty_service|manual_battery_instruction|manual_download_service|manual_service_qr,completed_visual_reference_copy,ready_visual_review_provenance_risk,0.0,0.0,0.0,7bdcc89d55f69bc6c966c8273262766abb80fa1036ddd476d1228285926da1b5,/mnt/f/CodexWorkspace/assembly_line_optimize/synthetic_1000_atom_proxy_combinations/0031__true__missing_0__combo_bottle_proxy__manual_warranty_service__manual_battery_instruction__manual_download_service__manual_service_qr__copy_031.png,/mnt/f/CodexWorkspace/assembly_line_optimize/image2_ai_only_1000_atom_combinations/0031__true__missing_0__combo_bottle_proxy__manual_warranty_service__manual_battery_instruction__manual_download_service__manual_service_qr__copy_031.png
img2-0032,0032__true__missing_0__combo_bottle_proxy__manual_warranty_service__manual_battery_instruction__manual_download_service__manual_service_qr__copy_032.png,False,True,1448,1086,True,upright_dot,"[228, 674, 267, 713]",,0,bottle_proxy|manual_warranty_service|manual_battery_instruction|manual_download_service|manual_service_qr,needs_rework_upright_scale_v2,rework_required_upright_too_small,0.287,36.984,0.2296,403d7b49861dfa71dd3bd14ec56846199dc24196be60fb388ccc8e8d83586592,/mnt/f/CodexWorkspace/assembly_line_optimize/synthetic_1000_atom_proxy_combinations/0032__true__missing_0__combo_bottle_proxy__manual_warranty_service__manual_battery_instruction__manual_download_service__manual_service_qr__copy_032.png,/mnt/f/CodexWorkspace/assembly_line_optimize/image2_ai_only_1000_atom_combinations/0032__true__missing_0__combo_bottle_proxy__manual_warranty_service__manual_battery_instruction__manual_download_service__manual_service_qr__copy_032.png
img2-0033,0033__true__missing_0__combo_bottle_proxy__manual_warranty_service__manual_battery_instruction__manual_download_service__manual_service_qr__copy_033.png,False,True,1448,1086,True,lying_bar,"[576, 332, 823, 545]",49.524,0,bottle_proxy|manual_warranty_service|manual_battery_instruction|manual_download_service|manual_service_qr,completed_visual_reference_copy,ready_visual_review_provenance_risk,0.0,0.0,0.0,4fd3cea06c81c21b8abcaaaa98643b05bc794b32cb93e040113561b872175396,/mnt/f/CodexWorkspace/assembly_line_optimize/synthetic_1000_atom_proxy_combinations/0033__true__missing_0__combo_bottle_proxy__manual_warranty_service__manual_battery_instruction__manual_download_service__manual_service_qr__copy_033.png,/mnt/f/CodexWorkspace/assembly_line_optimize/image2_ai_only_1000_atom_combinations/0033__true__missing_0__combo_bottle_proxy__manual_warranty_service__manual_battery_instruction__manual_download_service__manual_service_qr__copy_033.png
img2-0034,0034__true__missing_0__combo_bottle_proxy__manual_warranty_service__manual_battery_instruction__manual_download_service__manual_service_qr__copy_034.png,False,True,1448,1086,True,lying_bar,"[1148, 600, 1382, 827]",45.979,0,bottle_proxy|manual_warranty_service|manual_battery_instruction|manual_download_service|manual_service_qr,completed_visual_reference_copy,ready_visual_review_provenance_risk,0.0,0.0,0.0,47655edbb9dcd4ded05801a484db0efb23d4a502678b24a61f8fee885930325e,/mnt/f/CodexWorkspace/assembly_line_optimize/synthetic_1000_atom_proxy_combinations/0034__true__missing_0__combo_bottle_proxy__manual_warranty_service__manual_battery_instruction__manual_download_service__manual_service_qr__copy_034.png,/mnt/f/CodexWorkspace/assembly_line_optimize/image2_ai_only_1000_atom_combinations/0034__true__missing_0__combo_bottle_proxy__manual_warranty_service__manual_battery_instruction__manual_download_service__manual_service_qr__copy_034.png
img2-0035,0035__true__missing_0__combo_bottle_proxy__manual_warranty_service__manual_battery_instruction__manual_download_service__manual_service_qr__copy_035.png,False,True,1448,1086,True,lying_bar,"[1056, 331, 1346, 477]",115.461,0,bottle_proxy|manual_warranty_service|manual_battery_instruction|manual_download_service|manual_service_qr,completed_visual_reference_copy,ready_visual_review_provenance_risk,0.0,0.0,0.0,c4dee4d73433c2377dee8873050e1dcd37cfecbfa62f2963f7c3429086ec4600,/mnt/f/CodexWorkspace/assembly_line_optimize/synthetic_1000_atom_proxy_combinations/0035__true__missing_0__combo_bottle_proxy__manual_warranty_service__manual_battery_instruction__manual_download_service__manual_service_qr__copy_035.png,/mnt/f/CodexWorkspace/assembly_line_optimize/image2_ai_only_1000_atom_combinations/0035__true__missing_0__combo_bottle_proxy__manual_warranty_service__manual_battery_instruction__manual_download_service__manual_service_qr__copy_035.png
img2-0036,0036__true__missing_0__combo_bottle_proxy__manual_warranty_service__manual_battery_instruction__manual_download_service__manual_service_qr__copy_036.png,False,True,1448,1086,True,lying_bar,"[820, 666, 879, 981]",8.243,0,bottle_proxy|manual_warranty_service|manual_battery_instruction|manual_download_service|manual_service_qr,completed_visual_reference_copy,ready_visual_review_provenance_risk,0.0,0.0,0.0,3e1ef9cfe75f89745c57d616604dbaf2cddafa4c0255347755d2616386a6dc6d,/mnt/f/CodexWorkspace/assembly_line_optimize/synthetic_1000_atom_proxy_combinations/0036__true__missing_0__combo_bottle_proxy__manual_warranty_service__manual_battery_instruction__manual_download_service__manual_service_qr__copy_036.png,/mnt/f/CodexWorkspace/assembly_line_optimize/image2_ai_only_1000_atom_combinations/0036__true__missing_0__combo_bottle_proxy__manual_warranty_service__manual_battery_instruction__manual_download_service__manual_service_qr__copy_036.png
img2-0037,0037__true__missing_0__combo_bottle_proxy__manual_warranty_service__manual_battery_instruction__manual_download_service__manual_service_qr__copy_037.png,False,True,1448,1086,True,lying_bar,"[838, 594, 1146, 697]",106.381,0,bottle_proxy|manual_warranty_service|manual_battery_instruction|manual_download_service|manual_service_qr,completed_visual_reference_copy,ready_visual_review_provenance_risk,0.0,0.0,0.0,40e28604e9e599f6a4eda68698e431274810171eb35f1ae4d5b1c8914f75ef99,/mnt/f/CodexWorkspace/assembly_line_optimize/synthetic_1000_atom_proxy_combinations/0037__true__missing_0__combo_bottle_proxy__manual_warranty_service__manual_battery_instruction__manual_download_service__manual_service_qr__copy_037.png,/mnt/f/CodexWorkspace/assembly_line_optimize/image2_ai_only_1000_atom_combinations/0037__true__missing_0__combo_bottle_proxy__manual_warranty_service__manual_battery_instruction__manual_download_service__manual_service_qr__copy_037.png
img2-0038,0038__true__missing_0__combo_bottle_proxy__manual_warranty_service__manual_battery_instruction__manual_download_service__manual_service_qr__copy_038.png,False,True,1448,1086,True,upright_dot,"[110, 670, 149, 709]",,0,bottle_proxy|manual_warranty_service|manual_battery_instruction|manual_download_service|manual_service_qr,needs_rework_upright_scale_v2,rework_required_upright_too_small,0.3746,48.609,0.3099,a660a9983648b7c5b5069fa695da71807781ef76f7489a861a802a2ebf6fb23e,/mnt/f/CodexWorkspace/assembly_line_optimize/synthetic_1000_atom_proxy_combinations/0038__true__missing_0__combo_bottle_proxy__manual_warranty_service__manual_battery_instruction__manual_download_service__manual_service_qr__copy_038.png,/mnt/f/CodexWorkspace/assembly_line_optimize/image2_ai_only_1000_atom_combinations/0038__true__missing_0__combo_bottle_proxy__manual_warranty_service__manual_battery_instruction__manual_download_service__manual_service_qr__copy_038.png
img2-0039,0039__true__missing_0__combo_bottle_proxy__manual_warranty_service__manual_battery_instruction__manual_download_service__manual_service_qr__copy_039.png,False,True,1448,1086,True,lying_bar,"[934, 374, 1211, 546]",59.179,0,bottle_proxy|manual_warranty_service|manual_battery_instruction|manual_download_service|manual_service_qr,completed_visual_reference_copy,ready_visual_review_provenance_risk,0.0,0.0,0.0,b1605b43538e7dc5781514265072b03b3749fb3ff9676f6d04cb2817ef2af983,/mnt/f/CodexWorkspace/assembly_line_optimize/synthetic_1000_atom_proxy_combinations/0039__true__missing_0__combo_bottle_proxy__manual_warranty_service__manual_battery_instruction__manual_download_service__manual_service_qr__copy_039.png,/mnt/f/CodexWorkspace/assembly_line_optimize/image2_ai_only_1000_atom_combinations/0039__true__missing_0__combo_bottle_proxy__manual_warranty_service__manual_battery_instruction__manual_download_service__manual_service_qr__copy_039.png
img2-0040,0040__true__missing_0__combo_bottle_proxy__manual_warranty_service__manual_battery_instruction__manual_download_service__manual_service_qr__copy_040.png,False,True,1448,1086,True,upright_dot,"[1024, 804, 1063, 843]",,0,bottle_proxy|manual_warranty_service|manual_battery_instruction|manual_download_service|manual_service_qr,needs_rework_upright_scale_v2,rework_required_upright_too_small,0.3078,37.769,0.2519,95eb9c852ace0c7cb2269ebbe3af93057b5f44a19ca0edc2091fe7addecd445d,/mnt/f/CodexWorkspace/assembly_line_optimize/synthetic_1000_atom_proxy_combinations/0040__true__missing_0__combo_bottle_proxy__manual_warranty_service__manual_battery_instruction__manual_download_service__manual_service_qr__copy_040.png,/mnt/f/CodexWorkspace/assembly_line_optimize/image2_ai_only_1000_atom_combinations/0040__true__missing_0__combo_bottle_proxy__manual_warranty_service__manual_battery_instruction__manual_download_service__manual_service_qr__copy_040.png
img2-0041,0041__true__missing_0__combo_bottle_proxy__manual_warranty_service__manual_battery_instruction__manual_download_service__manual_service_qr__copy_041.png,False,True,1448,1086,True,lying_bar,"[839, 514, 1061, 752]",42.821,0,bottle_proxy|manual_warranty_service|manual_battery_instruction|manual_download_service|manual_service_qr,completed_visual_reference_copy,ready_visual_review_provenance_risk,0.0,0.0,0.0,6113f76abf21446e4fba3b3e7b663c143a887151d104b4025d140299626f5916,/mnt/f/CodexWorkspace/assembly_line_optimize/synthetic_1000_atom_proxy_combinations/0041__true__missing_0__combo_bottle_proxy__manual_warranty_service__manual_battery_instruction__manual_download_service__manual_service_qr__copy_041.png,/mnt/f/CodexWorkspace/assembly_line_optimize/image2_ai_only_1000_atom_combinations/0041__true__missing_0__combo_bottle_proxy__manual_warranty_service__manual_battery_instruction__manual_download_service__manual_service_qr__copy_041.png
img2-0042,0042__true__missing_0__combo_bottle_proxy__manual_warranty_service__manual_battery_instruction__manual_download_service__manual_service_qr__copy_042.png,False,True,1448,1086,True,lying_bar,"[440, 707, 463, 1025]",1.234,0,bottle_proxy|manual_warranty_service|manual_battery_instruction|manual_download_service|manual_service_qr,completed_visual_reference_copy,ready_visual_review_provenance_risk,0.0,0.0,0.0,075b72672c425ab9c71b38285aca9aec8f7cfef8a2a8a1312178ed0e0e8e3202,/mnt/f/CodexWorkspace/assembly_line_optimize/synthetic_1000_atom_proxy_combinations/0042__true__missing_0__combo_bottle_proxy__manual_warranty_service__manual_battery_instruction__manual_download_service__manual_service_qr__copy_042.png,/mnt/f/CodexWorkspace/assembly_line_optimize/image2_ai_only_1000_atom_combinations/0042__true__missing_0__combo_bottle_proxy__manual_warranty_service__manual_battery_instruction__manual_download_service__manual_service_qr__copy_042.png
img2-0043,0043__true__missing_0__combo_bottle_proxy__manual_warranty_service__manual_battery_instruction__manual_download_service__manual_service_qr__copy_043.png,False,True,1448,1086,True,lying_bar,"[383, 244, 701, 287]",94.944,0,bottle_proxy|manual_warranty_service|manual_battery_instruction|manual_download_service|manual_service_qr,completed_visual_reference_copy,ready_visual_review_provenance_risk,0.0,0.0,0.0,8138b9fa7dbb1daa6234223da0d9e11ac4d2ca42f38f4f0e0ac8f19e6bc1870d,/mnt/f/CodexWorkspace/assembly_line_optimize/synthetic_1000_atom_proxy_combinations/0043__true__missing_0__combo_bottle_proxy__manual_warranty_service__manual_battery_instruction__manual_download_service__manual_service_qr__copy_043.png,/mnt/f/CodexWorkspace/assembly_line_optimize/image2_ai_only_1000_atom_combinations/0043__true__missing_0__combo_bottle_proxy__manual_warranty_service__manual_battery_instruction__manual_download_service__manual_service_qr__copy_043.png
img2-0044,0044__true__missing_0__combo_bottle_proxy__manual_warranty_service__manual_battery_instruction__manual_download_service__manual_service_qr__copy_044.png,False,True,1448,1086,True,lying_bar,"[80, 408, 378, 537]",68.355,0,bottle_proxy|manual_warranty_service|manual_battery_instruction|manual_download_service|manual_service_qr,completed_visual_reference_copy,ready_visual_review_provenance_risk,0.0,0.0,0.0,922685fb9252834c42d5f981abf9337c4ba765e00db0fe3b7bb6380677309091,/mnt/f/CodexWorkspace/assembly_line_optimize/synthetic_1000_atom_proxy_combinations/0044__true__missing_0__combo_bottle_proxy__manual_warranty_service__manual_battery_instruction__manual_download_service__manual_service_qr__copy_044.png,/mnt/f/CodexWorkspace/assembly_line_optimize/image2_ai_only_1000_atom_combinations/0044__true__missing_0__combo_bottle_proxy__manual_warranty_service__manual_battery_instruction__manual_download_service__manual_service_qr__copy_044.png
img2-0045,0045__true__missing_0__combo_bottle_proxy__manual_warranty_service__manual_battery_instruction__manual_download_service__manual_service_qr__copy_045.png,False,True,1448,1086,True,upright_dot,"[250, 954, 289, 993]",,0,bottle_proxy|manual_warranty_service|manual_battery_instruction|manual_download_service|manual_service_qr,needs_rework_upright_scale_v2,rework_required_upright_too_small,0.3166,40.261,0.259,1bcda61bf365423b4111f838f0940792bb8dcdf978924e49db683802a48ea7c1,/mnt/f/CodexWorkspace/assembly_line_optimize/synthetic_1000_atom_proxy_combinations/0045__true__missing_0__combo_bottle_proxy__manual_warranty_service__manual_battery_instruction__manual_download_service__manual_service_qr__copy_045.png,/mnt/f/CodexWorkspace/assembly_line_optimize/image2_ai_only_1000_atom_combinations/0045__true__missing_0__combo_bottle_proxy__manual_warranty_service__manual_battery_instruction__manual_download_service__manual_service_qr__copy_045.png
img2-0046,0046__true__missing_0__combo_bottle_proxy__manual_warranty_service__manual_battery_instruction__manual_download_service__manual_service_qr__copy_046.png,False,True,1448,1086,True,upright_dot,"[194, 670, 233, 709]",,0,bottle_proxy|manual_warranty_service|manual_battery_instruction|manual_download_service|manual_service_qr,needs_rework_upright_scale_v2,rework_required_upright_too_small,0.3411,42.871,0.2775,659cb11b73a0e104c0d111a852a4ef3086e4fc46dab901ac584468d4a133ae7d,/mnt/f/CodexWorkspace/assembly_line_optimize/synthetic_1000_atom_proxy_combinations/0046__true__missing_0__combo_bottle_proxy__manual_warranty_service__manual_battery_instruction__manual_download_service__manual_service_qr__copy_046.png,/mnt/f/CodexWorkspace/assembly_line_optimize/image2_ai_only_1000_atom_combinations/0046__true__missing_0__combo_bottle_proxy__manual_warranty_service__manual_battery_instruction__manual_download_service__manual_service_qr__copy_046.png
img2-0047,0047__true__missing_0__combo_bottle_proxy__manual_warranty_service__manual_battery_instruction__manual_download_service__manual_service_qr__copy_047.png,False,True,1448,1086,True,upright_dot,"[980, 58, 1019, 97]",,0,bottle_proxy|manual_warranty_service|manual_battery_instruction|manual_download_service|manual_service_qr,needs_rework_upright_scale_v2,rework_required_upright_too_small,0.2955,38.968,0.2406,9bb29877ec1ed214463f016a8c3f1a807c437922bf1d7004bb322a00bba70290,/mnt/f/CodexWorkspace/assembly_line_optimize/synthetic_1000_atom_proxy_combinations/0047__true__missing_0__combo_bottle_proxy__manual_warranty_service__manual_battery_instruction__manual_download_service__manual_service_qr__copy_047.png,/mnt/f/CodexWorkspace/assembly_line_optimize/image2_ai_only_1000_atom_combinations/0047__true__missing_0__combo_bottle_proxy__manual_warranty_service__manual_battery_instruction__manual_download_service__manual_service_qr__copy_047.png
img2-0048,0048__true__missing_0__combo_bottle_proxy__manual_warranty_service__manual_battery_instruction__manual_download_service__manual_service_qr__copy_048.png,False,True,1448,1086,True,lying_bar,"[813, 711, 1043, 941]",135.24,0,bottle_proxy|manual_warranty_service|manual_battery_instruction|manual_download_service|manual_service_qr,completed_visual_reference_copy,ready_visual_review_provenance_risk,0.0,0.0,0.0,c7002a5e8d2b27aee7c5e77fd2001ffd40251ddcb282466b999dc8827898c6cd,/mnt/f/CodexWorkspace/assembly_line_optimize/synthetic_1000_atom_proxy_combinations/0048__true__missing_0__combo_bottle_proxy__manual_warranty_service__manual_battery_instruction__manual_download_service__manual_service_qr__copy_048.png,/mnt/f/CodexWorkspace/assembly_line_optimize/image2_ai_only_1000_atom_combinations/0048__true__missing_0__combo_bottle_proxy__manual_warranty_service__manual_battery_instruction__manual_download_service__manual_service_qr__copy_048.png
img2-0049,0049__true__missing_0__combo_bottle_proxy__manual_warranty_service__manual_battery_instruction__manual_download_service__manual_service_qr__copy_049.png,False,True,1448,1086,True,lying_bar,"[722, 474, 1016, 613]",66.039,0,bottle_proxy|manual_warranty_service|manual_battery_instruction|manual_download_service|manual_service_qr,completed_visual_reference_copy,ready_visual_review_provenance_risk,0.0,0.0,0.0,650fc749bd1a95416080da9c9468339cde8b5936d668a2f00edff397a7f8074b,/mnt/f/CodexWorkspace/assembly_line_optimize/synthetic_1000_atom_proxy_combinations/0049__true__missing_0__combo_bottle_proxy__manual_warranty_service__manual_battery_instruction__manual_download_service__manual_service_qr__copy_049.png,/mnt/f/CodexWorkspace/assembly_line_optimize/image2_ai_only_1000_atom_combinations/0049__true__missing_0__combo_bottle_proxy__manual_warranty_service__manual_battery_instruction__manual_download_service__manual_service_qr__copy_049.png
img2-0050,0050__true__missing_0__combo_bottle_proxy__manual_warranty_service__manual_battery_instruction__manual_download_service__manual_service_qr__copy_050.png,False,True,1448,1086,True,lying_bar,"[413, 828, 689, 1001]",121.047,0,bottle_proxy|manual_warranty_service|manual_battery_instruction|manual_download_service|manual_service_qr,completed_visual_reference_copy,ready_visual_review_provenance_risk,0.0,0.0,0.0,4a3f08934accac6158e7f09f1e36db213b0de7770123e452057e9faa894f53cf,/mnt/f/CodexWorkspace/assembly_line_optimize/synthetic_1000_atom_proxy_combinations/0050__true__missing_0__combo_bottle_proxy__manual_warranty_service__manual_battery_instruction__manual_download_service__manual_service_qr__copy_050.png,/mnt/f/CodexWorkspace/assembly_line_optimize/image2_ai_only_1000_atom_combinations/0050__true__missing_0__combo_bottle_proxy__manual_warranty_service__manual_battery_instruction__manual_download_service__manual_service_qr__copy_050.png
img2-0051,0051__true__missing_0__combo_bottle_proxy__manual_warranty_service__manual_battery_instruction__manual_download_service__manual_service_qr__copy_051.png,False,True,1448,1086,True,lying_bar,"[1252, 198, 1394, 490]",24.557,0,bottle_proxy|manual_warranty_service|manual_battery_instruction|manual_download_service|manual_service_qr,completed_visual_reference_copy,ready_visual_review_provenance_risk,0.0,0.0,0.0,49f99cee30b9428b88bd134e6a5b05d7623cb5c2d48391b6bb5ba2a1a33087e1,/mnt/f/CodexWorkspace/assembly_line_optimize/synthetic_1000_atom_proxy_combinations/0051__true__missing_0__combo_bottle_proxy__manual_warranty_service__manual_battery_instruction__manual_download_service__manual_service_qr__copy_051.png,/mnt/f/CodexWorkspace/assembly_line_optimize/image2_ai_only_1000_atom_combinations/0051__true__missing_0__combo_bottle_proxy__manual_warranty_service__manual_battery_instruction__manual_download_service__manual_service_qr__copy_051.png
img2-0052,0052__true__missing_0__combo_bottle_proxy__manual_warranty_service__manual_battery_instruction__manual_download_service__manual_service_qr__copy_052.png,False,True,1448,1086,True,lying_bar,"[186, 41, 313, 341]",158.718,0,bottle_proxy|manual_warranty_service|manual_battery_instruction|manual_download_service|manual_service_qr,completed_visual_reference_copy,ready_visual_review_provenance_risk,0.0,0.0,0.0,f36c7809f08c89fbb9ba3d2c1c9f312a30873beb3611abe2fb47091cd73cb143,/mnt/f/CodexWorkspace/assembly_line_optimize/synthetic_1000_atom_proxy_combinations/0052__true__missing_0__combo_bottle_proxy__manual_warranty_service__manual_battery_instruction__manual_download_service__manual_service_qr__copy_052.png,/mnt/f/CodexWorkspace/assembly_line_optimize/image2_ai_only_1000_atom_combinations/0052__true__missing_0__combo_bottle_proxy__manual_warranty_service__manual_battery_instruction__manual_download_service__manual_service_qr__copy_052.png
img2-0053,0053__true__missing_0__combo_bottle_proxy__manual_warranty_service__manual_battery_instruction__manual_download_service__manual_service_qr__copy_053.png,False,True,1448,1086,True,lying_bar,"[472, 489, 530, 803]",172.103,0,bottle_proxy|manual_warranty_service|manual_battery_instruction|manual_download_service|manual_service_qr,completed_visual_reference_copy,ready_visual_review_provenance_risk,0.0,0.0,0.0,27232447696a00f5a00f761139e1f5b55bbbe6cd842c629473f4f1aa430b9083,/mnt/f/CodexWorkspace/assembly_line_optimize/synthetic_1000_atom_proxy_combinations/0053__true__missing_0__combo_bottle_proxy__manual_warranty_service__manual_battery_instruction__manual_download_service__manual_service_qr__copy_053.png,/mnt/f/CodexWorkspace/assembly_line_optimize/image2_ai_only_1000_atom_combinations/0053__true__missing_0__combo_bottle_proxy__manual_warranty_service__manual_battery_instruction__manual_download_service__manual_service_qr__copy_053.png
img2-0054,0054__true__missing_0__combo_bottle_proxy__manual_warranty_service__manual_battery_instruction__manual_download_service__manual_service_qr__copy_054.png,False,True,1448,1086,True,lying_bar,"[1028, 559, 1201, 835]",31.083,0,bottle_proxy|manual_warranty_service|manual_battery_instruction|manual_download_service|manual_service_qr,completed_visual_reference_copy,ready_visual_review_provenance_risk,0.0,0.0,0.0,d76e8f5285d2575f9079b0717cada931e19946534d46d842ef21563988945bc3,/mnt/f/CodexWorkspace/assembly_line_optimize/synthetic_1000_atom_proxy_combinations/0054__true__missing_0__combo_bottle_proxy__manual_warranty_service__manual_battery_instruction__manual_download_service__manual_service_qr__copy_054.png,/mnt/f/CodexWorkspace/assembly_line_optimize/image2_ai_only_1000_atom_combinations/0054__true__missing_0__combo_bottle_proxy__manual_warranty_service__manual_battery_instruction__manual_download_service__manual_service_qr__copy_054.png
img2-0055,0055__true__missing_0__combo_bottle_proxy__manual_warranty_service__manual_battery_instruction__manual_download_service__manual_service_qr__copy_055.png,False,True,1448,1086,True,lying_bar,"[1015, 627, 1271, 829]",52.157,0,bottle_proxy|manual_warranty_service|manual_battery_instruction|manual_download_service|manual_service_qr,completed_visual_reference_copy,ready_visual_review_provenance_risk,0.0,0.0,0.0,08954d4e6fa77e794cf0fe65a84055d69966dc715419eb432629c6914e9d2887,/mnt/f/CodexWorkspace/assembly_line_optimize/synthetic_1000_atom_proxy_combinations/0055__true__missing_0__combo_bottle_proxy__manual_warranty_service__manual_battery_instruction__manual_download_service__manual_service_qr__copy_055.png,/mnt/f/CodexWorkspace/assembly_line_optimize/image2_ai_only_1000_atom_combinations/0055__true__missing_0__combo_bottle_proxy__manual_warranty_service__manual_battery_instruction__manual_download_service__manual_service_qr__copy_055.png
img2-0056,0056__true__missing_0__combo_bottle_proxy__manual_warranty_service__manual_battery_instruction__manual_download_service__manual_service_qr__copy_056.png,False,True,1448,1086,True,upright_dot,"[646, 90, 685, 129]",,0,bottle_proxy|manual_warranty_service|manual_battery_instruction|manual_download_service|manual_service_qr,needs_rework_upright_scale_v2,rework_required_upright_too_small,0.3183,39.923,0.2527,1f289aae009a6337873b59056ea6a581d37194a5a3f4edbd6ef2a070f5ed34e3,/mnt/f/CodexWorkspace/assembly_line_optimize/synthetic_1000_atom_proxy_combinations/0056__true__missing_0__combo_bottle_proxy__manual_warranty_service__manual_battery_instruction__manual_download_service__manual_service_qr__copy_056.png,/mnt/f/CodexWorkspace/assembly_line_optimize/image2_ai_only_1000_atom_combinations/0056__true__missing_0__combo_bottle_proxy__manual_warranty_service__manual_battery_instruction__manual_download_service__manual_service_qr__copy_056.png
img2-0057,0057__true__missing_0__combo_bottle_proxy__manual_warranty_service__manual_battery_instruction__manual_download_service__manual_service_qr__copy_057.png,False,True,1448,1086,True,lying_bar,"[274, 472, 586, 557]",76.882,0,bottle_proxy|manual_warranty_service|manual_battery_instruction|manual_download_service|manual_service_qr,completed_visual_reference_copy,ready_visual_review_provenance_risk,0.0,0.0,0.0,0c0627b427f7724452e891be03a9ebe9922cf8b085a6f02c0da18c2ba693e79a,/mnt/f/CodexWorkspace/assembly_line_optimize/synthetic_1000_atom_proxy_combinations/0057__true__missing_0__combo_bottle_proxy__manual_warranty_service__manual_battery_instruction__manual_download_service__manual_service_qr__copy_057.png,/mnt/f/CodexWorkspace/assembly_line_optimize/image2_ai_only_1000_atom_combinations/0057__true__missing_0__combo_bottle_proxy__manual_warranty_service__manual_battery_instruction__manual_download_service__manual_service_qr__copy_057.png
img2-0058,0058__true__missing_0__combo_bottle_proxy__manual_warranty_service__manual_battery_instruction__manual_download_service__manual_service_qr__copy_058.png,False,True,1448,1086,True,upright_dot,"[384, 900, 423, 939]",,0,bottle_proxy|manual_warranty_service|manual_battery_instruction|manual_download_service|manual_service_qr,needs_rework_upright_scale_v2,rework_required_upright_too_small,0.3888,46.211,0.3154,940ddc618d1d2deb07455857be85043931595eea475ceb21e230ffed869f8a30,/mnt/f/CodexWorkspace/assembly_line_optimize/synthetic_1000_atom_proxy_combinations/0058__true__missing_0__combo_bottle_proxy__manual_warranty_service__manual_battery_instruction__manual_download_service__manual_service_qr__copy_058.png,/mnt/f/CodexWorkspace/assembly_line_optimize/image2_ai_only_1000_atom_combinations/0058__true__missing_0__combo_bottle_proxy__manual_warranty_service__manual_battery_instruction__manual_download_service__manual_service_qr__copy_058.png
img2-0059,0059__true__missing_0__combo_bottle_proxy__manual_warranty_service__manual_battery_instruction__manual_download_service__manual_service_qr__copy_059.png,False,True,1448,1086,True,lying_bar,"[1160, 217, 1217, 531]",172.233,0,bottle_proxy|manual_warranty_service|manual_battery_instruction|manual_download_service|manual_service_qr,completed_visual_reference_copy,ready_visual_review_provenance_risk,0.0,0.0,0.0,42b3cf5a67ba0d68b35db2c9a6d81dccbb7df242436085d862e533ee285fa72e,/mnt/f/CodexWorkspace/assembly_line_optimize/synthetic_1000_atom_proxy_combinations/0059__true__missing_0__combo_bottle_proxy__manual_warranty_service__manual_battery_instruction__manual_download_service__manual_service_qr__copy_059.png,/mnt/f/CodexWorkspace/assembly_line_optimize/image2_ai_only_1000_atom_combinations/0059__true__missing_0__combo_bottle_proxy__manual_warranty_service__manual_battery_instruction__manual_download_service__manual_service_qr__copy_059.png
img2-0060,0060__true__missing_0__combo_bottle_proxy__manual_warranty_service__manual_battery_instruction__manual_download_service__manual_service_qr__copy_060.png,False,True,1448,1086,True,lying_bar,"[958, 134, 1230, 313]",122.41,0,bottle_proxy|manual_warranty_service|manual_battery_instruction|manual_download_service|manual_service_qr,completed_visual_reference_copy,ready_visual_review_provenance_risk,0.0,0.0,0.0,023db52506d1bb0e5e7d9245f2bb50b23539c488f590172fb18baef56c2e9a49,/mnt/f/CodexWorkspace/assembly_line_optimize/synthetic_1000_atom_proxy_combinations/0060__true__missing_0__combo_bottle_proxy__manual_warranty_service__manual_battery_instruction__manual_download_service__manual_service_qr__copy_060.png,/mnt/f/CodexWorkspace/assembly_line_optimize/image2_ai_only_1000_atom_combinations/0060__true__missing_0__combo_bottle_proxy__manual_warranty_service__manual_battery_instruction__manual_download_service__manual_service_qr__copy_060.png
img2-0061,0061__true__missing_0__combo_bottle_proxy__manual_warranty_service__manual_battery_instruction__manual_download_service__manual_service_qr__copy_061.png,False,True,1448,1086,True,upright_dot,"[248, 270, 287, 309]",,0,bottle_proxy|manual_warranty_service|manual_battery_instruction|manual_download_service|manual_service_qr,needs_rework_upright_scale_v2,rework_required_upright_too_small,0.3682,47.483,0.3157,cae38f315d07af8d0335f38c32541be2e8af7af7c6c8d98259258e595a90b7f8,/mnt/f/CodexWorkspace/assembly_line_optimize/synthetic_1000_atom_proxy_combinations/0061__true__missing_0__combo_bottle_proxy__manual_warranty_service__manual_battery_instruction__manual_download_service__manual_service_qr__copy_061.png,/mnt/f/CodexWorkspace/assembly_line_optimize/image2_ai_only_1000_atom_combinations/0061__true__missing_0__combo_bottle_proxy__manual_warranty_service__manual_battery_instruction__manual_download_service__manual_service_qr__copy_061.png
img2-0062,0062__true__missing_0__combo_bottle_proxy__manual_warranty_service__manual_battery_instruction__manual_download_service__manual_service_qr__copy_062.png,False,True,1448,1086,True,lying_bar,"[1000, 408, 1041, 725]",4.696,0,bottle_proxy|manual_warranty_service|manual_battery_instruction|manual_download_service|manual_service_qr,completed_visual_reference_copy,ready_visual_review_provenance_risk,0.0,0.0,0.0,b77a617096e7440a19c9b55b66772bdd8e19f3ec35b2ab73345df30f69f946c3,/mnt/f/CodexWorkspace/assembly_line_optimize/synthetic_1000_atom_proxy_combinations/0062__true__missing_0__combo_bottle_proxy__manual_warranty_service__manual_battery_instruction__manual_download_service__manual_service_qr__copy_062.png,/mnt/f/CodexWorkspace/assembly_line_optimize/image2_ai_only_1000_atom_combinations/0062__true__missing_0__combo_bottle_proxy__manual_warranty_service__manual_battery_instruction__manual_download_service__manual_service_qr__copy_062.png
img2-0063,0063__true__missing_0__combo_bottle_proxy__manual_warranty_service__manual_battery_instruction__manual_download_service__manual_service_qr__copy_063.png,False,True,1448,1086,True,upright_dot,"[1132, 1022, 1171, 1061]",,0,bottle_proxy|manual_warranty_service|manual_battery_instruction|manual_download_service|manual_service_qr,needs_rework_upright_scale_v2,rework_required_upright_too_small,0.2705,33.323,0.2144,2abe43b7379e00ace86d4eb35c46cd84d1b0652a124252407417ffb774d4bc99,/mnt/f/CodexWorkspace/assembly_line_optimize/synthetic_1000_atom_proxy_combinations/0063__true__missing_0__combo_bottle_proxy__manual_warranty_service__manual_battery_instruction__manual_download_service__manual_service_qr__copy_063.png,/mnt/f/CodexWorkspace/assembly_line_optimize/image2_ai_only_1000_atom_combinations/0063__true__missing_0__combo_bottle_proxy__manual_warranty_service__manual_battery_instruction__manual_download_service__manual_service_qr__copy_063.png
img2-0064,0064__true__missing_0__combo_bottle_proxy__manual_warranty_service__manual_battery_instruction__manual_download_service__manual_service_qr__copy_064.png,False,True,1448,1086,True,lying_bar,"[1063, 187, 1355, 331]",65.186,0,bottle_proxy|manual_warranty_service|manual_battery_instruction|manual_download_service|manual_service_qr,completed_visual_reference_copy,ready_visual_review_provenance_risk,0.0,0.0,0.0,36f09c6be9c7184a1504ac6dd595944a800d51076dfea60a7b5fa473ad827126,/mnt/f/CodexWorkspace/assembly_line_optimize/synthetic_1000_atom_proxy_combinations/0064__true__missing_0__combo_bottle_proxy__manual_warranty_service__manual_battery_instruction__manual_download_service__manual_service_qr__copy_064.png,/mnt/f/CodexWorkspace/assembly_line_optimize/image2_ai_only_1000_atom_combinations/0064__true__missing_0__combo_bottle_proxy__manual_warranty_service__manual_battery_instruction__manual_download_service__manual_service_qr__copy_064.png
img2-0065,0065__true__missing_0__combo_bottle_proxy__manual_warranty_service__manual_battery_instruction__manual_download_service__manual_service_qr__copy_065.png,False,True,1448,1086,True,lying_bar,"[156, 324, 232, 637]",11.614,0,bottle_proxy|manual_warranty_service|manual_battery_instruction|manual_download_service|manual_service_qr,completed_visual_reference_copy,ready_visual_review_provenance_risk,0.0,0.0,0.0,9d935936e1d04d9e3c5b6ae23ec4d33739d64885ed1746ae69e0b9e1e214876c,/mnt/f/CodexWorkspace/assembly_line_optimize/synthetic_1000_atom_proxy_combinations/0065__true__missing_0__combo_bottle_proxy__manual_warranty_service__manual_battery_instruction__manual_download_service__manual_service_qr__copy_065.png,/mnt/f/CodexWorkspace/assembly_line_optimize/image2_ai_only_1000_atom_combinations/0065__true__missing_0__combo_bottle_proxy__manual_warranty_service__manual_battery_instruction__manual_download_service__manual_service_qr__copy_065.png
img2-0066,0066__true__missing_0__combo_bottle_proxy__manual_warranty_service__manual_battery_instruction__manual_download_service__manual_service_qr__copy_066.png,False,True,1448,1086,True,lying_bar,"[1146, 337, 1215, 653]",9.902,0,bottle_proxy|manual_warranty_service|manual_battery_instruction|manual_download_service|manual_service_qr,completed_visual_reference_copy,ready_visual_review_provenance_risk,0.0,0.0,0.0,87fe5ebb08f3624cf2d7fae0bec978b7a021a49fa99979bac52fde921a435908,/mnt/f/CodexWorkspace/assembly_line_optimize/synthetic_1000_atom_proxy_combinations/0066__true__missing_0__combo_bottle_proxy__manual_warranty_service__manual_battery_instruction__manual_download_service__manual_service_qr__copy_066.png,/mnt/f/CodexWorkspace/assembly_line_optimize/image2_ai_only_1000_atom_combinations/0066__true__missing_0__combo_bottle_proxy__manual_warranty_service__manual_battery_instruction__manual_download_service__manual_service_qr__copy_066.png
img2-0067,0067__true__missing_0__combo_bottle_proxy__manual_warranty_service__manual_battery_instruction__manual_download_service__manual_service_qr__copy_067.png,False,True,1448,1086,True,lying_bar,"[1334, 216, 1415, 527]",12.419,0,bottle_proxy|manual_warranty_service|manual_battery_instruction|manual_download_service|manual_service_qr,completed_visual_reference_copy,ready_visual_review_provenance_risk,0.0,0.0,0.0,5c9fa2cf0ec94cfd19ce807a0f75c29223a85a78feee086b9cd531d110912f06,/mnt/f/CodexWorkspace/assembly_line_optimize/synthetic_1000_atom_proxy_combinations/0067__true__missing_0__combo_bottle_proxy__manual_warranty_service__manual_battery_instruction__manual_download_service__manual_service_qr__copy_067.png,/mnt/f/CodexWorkspace/assembly_line_optimize/image2_ai_only_1000_atom_combinations/0067__true__missing_0__combo_bottle_proxy__manual_warranty_service__manual_battery_instruction__manual_download_service__manual_service_qr__copy_067.png
img2-0068,0068__true__missing_0__combo_bottle_proxy__manual_warranty_service__manual_battery_instruction__manual_download_service__manual_service_qr__copy_068.png,False,True,1448,1086,True,lying_bar,"[1208, 104, 1389, 376]",32.909,0,bottle_proxy|manual_warranty_service|manual_battery_instruction|manual_download_service|manual_service_qr,completed_visual_reference_copy,ready_visual_review_provenance_risk,0.0,0.0,0.0,f6711ca6d503468ad761f09833051f29d5cd494156f502af38fa8d9e947914fe,/mnt/f/CodexWorkspace/assembly_line_optimize/synthetic_1000_atom_proxy_combinations/0068__true__missing_0__combo_bottle_proxy__manual_warranty_service__manual_battery_instruction__manual_download_service__manual_service_qr__copy_068.png,/mnt/f/CodexWorkspace/assembly_line_optimize/image2_ai_only_1000_atom_combinations/0068__true__missing_0__combo_bottle_proxy__manual_warranty_service__manual_battery_instruction__manual_download_service__manual_service_qr__copy_068.png
img2-0069,0069__true__missing_0__combo_bottle_proxy__manual_warranty_service__manual_battery_instruction__manual_download_service__manual_service_qr__copy_069.png,False,True,1448,1086,True,lying_bar,"[866, 246, 1155, 397]",116.207,0,bottle_proxy|manual_warranty_service|manual_battery_instruction|manual_download_service|manual_service_qr,completed_visual_reference_copy,ready_visual_review_provenance_risk,0.0,0.0,0.0,78c7553d18358ff991f6b9b49001b5a3e9d47b8b7f436668b8febb983d5a673c,/mnt/f/CodexWorkspace/assembly_line_optimize/synthetic_1000_atom_proxy_combinations/0069__true__missing_0__combo_bottle_proxy__manual_warranty_service__manual_battery_instruction__manual_download_service__manual_service_qr__copy_069.png,/mnt/f/CodexWorkspace/assembly_line_optimize/image2_ai_only_1000_atom_combinations/0069__true__missing_0__combo_bottle_proxy__manual_warranty_service__manual_battery_instruction__manual_download_service__manual_service_qr__copy_069.png
img2-0070,0070__true__missing_0__combo_bottle_proxy__manual_warranty_service__manual_battery_instruction__manual_download_service__manual_service_qr__copy_070.png,False,True,1448,1086,True,lying_bar,"[1015, 674, 1331, 739]",80.713,0,bottle_proxy|manual_warranty_service|manual_battery_instruction|manual_download_service|manual_service_qr,completed_visual_reference_copy,ready_visual_review_provenance_risk,0.0,0.0,0.0,631871f04088fe2063c0a6abf87588dd341caa041323f7e9fca7c043105d35a6,/mnt/f/CodexWorkspace/assembly_line_optimize/synthetic_1000_atom_proxy_combinations/0070__true__missing_0__combo_bottle_proxy__manual_warranty_service__manual_battery_instruction__manual_download_service__manual_service_qr__copy_070.png,/mnt/f/CodexWorkspace/assembly_line_optimize/image2_ai_only_1000_atom_combinations/0070__true__missing_0__combo_bottle_proxy__manual_warranty_service__manual_battery_instruction__manual_download_service__manual_service_qr__copy_070.png
img2-0071,0071__true__missing_0__combo_bottle_proxy__manual_warranty_service__manual_battery_instruction__manual_download_service__manual_service_qr__copy_071.png,False,True,1448,1086,True,lying_bar,"[1043, 110, 1123, 420]",12.381,0,bottle_proxy|manual_warranty_service|manual_battery_instruction|manual_download_service|manual_service_qr,completed_visual_reference_copy,ready_visual_review_provenance_risk,0.0,0.0,0.0,ede6cbccef6a6749b0c1512a4ad30bffa49db2a239442e7fdafbc4a6a952bb42,/mnt/f/CodexWorkspace/assembly_line_optimize/synthetic_1000_atom_proxy_combinations/0071__true__missing_0__combo_bottle_proxy__manual_warranty_service__manual_battery_instruction__manual_download_service__manual_service_qr__copy_071.png,/mnt/f/CodexWorkspace/assembly_line_optimize/image2_ai_only_1000_atom_combinations/0071__true__missing_0__combo_bottle_proxy__manual_warranty_service__manual_battery_instruction__manual_download_service__manual_service_qr__copy_071.png
img2-0072,0072__true__missing_0__combo_bottle_proxy__manual_warranty_service__manual_battery_instruction__manual_download_service__manual_service_qr__copy_072.png,False,True,1448,1086,True,upright_dot,"[1130, 38, 1169, 77]",,0,bottle_proxy|manual_warranty_service|manual_battery_instruction|manual_download_service|manual_service_qr,needs_rework_upright_scale_v2,rework_required_upright_too_small,0.3536,45.324,0.2953,33f437cdc6056eb465f9d30f86d73520e3411ee0ad428b2606617ea746006279,/mnt/f/CodexWorkspace/assembly_line_optimize/synthetic_1000_atom_proxy_combinations/0072__true__missing_0__combo_bottle_proxy__manual_warranty_service__manual_battery_instruction__manual_download_service__manual_service_qr__copy_072.png,/mnt/f/CodexWorkspace/assembly_line_optimize/image2_ai_only_1000_atom_combinations/0072__true__missing_0__combo_bottle_proxy__manual_warranty_service__manual_battery_instruction__manual_download_service__manual_service_qr__copy_072.png
img2-0073,0073__true__missing_0__combo_bottle_proxy__manual_warranty_service__manual_battery_instruction__manual_download_service__manual_service_qr__copy_073.png,False,True,1448,1086,True,lying_bar,"[953, 112, 1261, 209]",74.764,0,bottle_proxy|manual_warranty_service|manual_battery_instruction|manual_download_service|manual_service_qr,completed_visual_reference_copy,ready_visual_review_provenance_risk,0.0,0.0,0.0,0b6ab7e3c1c616d35247fa8225ce2274751cdd4607fcd537b02af9b49a98d6a6,/mnt/f/CodexWorkspace/assembly_line_optimize/synthetic_1000_atom_proxy_combinations/0073__true__missing_0__combo_bottle_proxy__manual_warranty_service__manual_battery_instruction__manual_download_service__manual_service_qr__copy_073.png,/mnt/f/CodexWorkspace/assembly_line_optimize/image2_ai_only_1000_atom_combinations/0073__true__missing_0__combo_bottle_proxy__manual_warranty_service__manual_battery_instruction__manual_download_service__manual_service_qr__copy_073.png
img2-0074,0074__true__missing_0__combo_bottle_proxy__manual_warranty_service__manual_battery_instruction__manual_download_service__manual_service_qr__copy_074.png,False,True,1448,1086,True,lying_bar,"[666, 774, 982, 835]",98.923,0,bottle_proxy|manual_warranty_service|manual_battery_instruction|manual_download_service|manual_service_qr,completed_visual_reference_copy,ready_visual_review_provenance_risk,0.0,0.0,0.0,754878dab86ad04f51b72667cfb09ca39fc92a624d6d59c6c3492d0d47c67f25,/mnt/f/CodexWorkspace/assembly_line_optimize/synthetic_1000_atom_proxy_combinations/0074__true__missing_0__combo_bottle_proxy__manual_warranty_service__manual_battery_instruction__manual_download_service__manual_service_qr__copy_074.png,/mnt/f/CodexWorkspace/assembly_line_optimize/image2_ai_only_1000_atom_combinations/0074__true__missing_0__combo_bottle_proxy__manual_warranty_service__manual_battery_instruction__manual_download_service__manual_service_qr__copy_074.png
img2-0075,0075__true__missing_0__combo_bottle_proxy__manual_warranty_service__manual_battery_instruction__manual_download_service__manual_service_qr__copy_075.png,False,True,1448,1086,True,upright_dot,"[740, 238, 779, 277]",,0,bottle_proxy|manual_warranty_service|manual_battery_instruction|manual_download_service|manual_service_qr,needs_rework_upright_scale_v2,rework_required_upright_too_small,0.3174,41.251,0.2625,221dadf90a0d34f3aa559060e2a39e4444da8c2c01e2b57d0ead4c42e7a2a917,/mnt/f/CodexWorkspace/assembly_line_optimize/synthetic_1000_atom_proxy_combinations/0075__true__missing_0__combo_bottle_proxy__manual_warranty_service__manual_battery_instruction__manual_download_service__manual_service_qr__copy_075.png,/mnt/f/CodexWorkspace/assembly_line_optimize/image2_ai_only_1000_atom_combinations/0075__true__missing_0__combo_bottle_proxy__manual_warranty_service__manual_battery_instruction__manual_download_service__manual_service_qr__copy_075.png
img2-0076,0076__true__missing_0__combo_bottle_proxy__manual_warranty_service__manual_battery_instruction__manual_download_service__manual_service_qr__copy_076.png,False,True,1448,1086,True,upright_dot,"[572, 88, 611, 127]",,0,bottle_proxy|manual_warranty_service|manual_battery_instruction|manual_download_service|manual_service_qr,needs_rework_upright_scale_v2,rework_required_upright_too_small,0.0706,7.976,0.0271,4e890a26898d5fbd9f82aae0dfb55c604bcb978e6550ba51827117caac75b1fb,/mnt/f/CodexWorkspace/assembly_line_optimize/synthetic_1000_atom_proxy_combinations/0076__true__missing_0__combo_bottle_proxy__manual_warranty_service__manual_battery_instruction__manual_download_service__manual_service_qr__copy_076.png,/mnt/f/CodexWorkspace/assembly_line_optimize/image2_ai_only_1000_atom_combinations/0076__true__missing_0__combo_bottle_proxy__manual_warranty_service__manual_battery_instruction__manual_download_service__manual_service_qr__copy_076.png
img2-0077,0077__true__missing_0__combo_bottle_proxy__manual_warranty_service__manual_battery_instruction__manual_download_service__manual_service_qr__copy_077.png,False,True,1448,1086,True,lying_bar,"[589, 812, 901, 897]",102.928,0,bottle_proxy|manual_warranty_service|manual_battery_instruction|manual_download_service|manual_service_qr,completed_visual_reference_copy,ready_visual_review_provenance_risk,0.0,0.0,0.0,dd33e8cd8aed95f70ff82c20b98f75b601385fd96a24f3e1933024d2a9329c3a,/mnt/f/CodexWorkspace/assembly_line_optimize/synthetic_1000_atom_proxy_combinations/0077__true__missing_0__combo_bottle_proxy__manual_warranty_service__manual_battery_instruction__manual_download_service__manual_service_qr__copy_077.png,/mnt/f/CodexWorkspace/assembly_line_optimize/image2_ai_only_1000_atom_combinations/0077__true__missing_0__combo_bottle_proxy__manual_warranty_service__manual_battery_instruction__manual_download_service__manual_service_qr__copy_077.png
img2-0078,0078__true__missing_0__combo_bottle_proxy__manual_warranty_service__manual_battery_instruction__manual_download_service__manual_service_qr__copy_078.png,False,True,1448,1086,True,lying_bar,"[346, 249, 645, 377]",111.522,0,bottle_proxy|manual_warranty_service|manual_battery_instruction|manual_download_service|manual_service_qr,completed_visual_reference_copy,ready_visual_review_provenance_risk,0.0,0.0,0.0,d0d2343f22761df7be2702873b6f4c59c5651b816fc81c09d94da04e07f374e3,/mnt/f/CodexWorkspace/assembly_line_optimize/synthetic_1000_atom_proxy_combinations/0078__true__missing_0__combo_bottle_proxy__manual_warranty_service__manual_battery_instruction__manual_download_service__manual_service_qr__copy_078.png,/mnt/f/CodexWorkspace/assembly_line_optimize/image2_ai_only_1000_atom_combinations/0078__true__missing_0__combo_bottle_proxy__manual_warranty_service__manual_battery_instruction__manual_download_service__manual_service_qr__copy_078.png
img2-0079,0079__true__missing_0__combo_bottle_proxy__manual_warranty_service__manual_battery_instruction__manual_download_service__manual_service_qr__copy_079.png,False,True,1448,1086,True,upright_dot,"[858, 556, 897, 595]",,0,bottle_proxy|manual_warranty_service|manual_battery_instruction|manual_download_service|manual_service_qr,needs_rework_upright_scale_v2,rework_required_upright_too_small,0.0607,7.462,0.0218,83e79d89b58279ed3f97ec32168b53f0c6ceeb457afa981ef58f56da31da42be,/mnt/f/CodexWorkspace/assembly_line_optimize/synthetic_1000_atom_proxy_combinations/0079__true__missing_0__combo_bottle_proxy__manual_warranty_service__manual_battery_instruction__manual_download_service__manual_service_qr__copy_079.png,/mnt/f/CodexWorkspace/assembly_line_optimize/image2_ai_only_1000_atom_combinations/0079__true__missing_0__combo_bottle_proxy__manual_warranty_service__manual_battery_instruction__manual_download_service__manual_service_qr__copy_079.png
img2-0080,0080__true__missing_0__combo_bottle_proxy__manual_warranty_service__manual_battery_instruction__manual_download_service__manual_service_qr__copy_080.png,False,True,1448,1086,True,lying_bar,"[596, 234, 906, 325]",75.715,0,bottle_proxy|manual_warranty_service|manual_battery_instruction|manual_download_service|manual_service_qr,completed_visual_reference_copy,ready_visual_review_provenance_risk,0.0,0.0,0.0,4901b9c6e91b7eb3ca724db1d4a241e171ce4cbf7b1c67ec43a2ca7f98984c72,/mnt/f/CodexWorkspace/assembly_line_optimize/synthetic_1000_atom_proxy_combinations/0080__true__missing_0__combo_bottle_proxy__manual_warranty_service__manual_battery_instruction__manual_download_service__manual_service_qr__copy_080.png,/mnt/f/CodexWorkspace/assembly_line_optimize/image2_ai_only_1000_atom_combinations/0080__true__missing_0__combo_bottle_proxy__manual_warranty_service__manual_battery_instruction__manual_download_service__manual_service_qr__copy_080.png
img2-0081,0081__true__missing_0__combo_bottle_proxy__manual_warranty_service__manual_battery_instruction__manual_download_service__manual_service_qr__copy_081.png,False,True,1448,1086,True,lying_bar,"[112, 488, 220, 793]",17.425,0,bottle_proxy|manual_warranty_service|manual_battery_instruction|manual_download_service|manual_service_qr,completed_visual_reference_copy,ready_visual_review_provenance_risk,0.0,0.0,0.0,4d9a3e5b97d44bd913d15647e2d9c7573e1e6e70e97681fa724b43f1fb5d2b68,/mnt/f/CodexWorkspace/assembly_line_optimize/synthetic_1000_atom_proxy_combinations/0081__true__missing_0__combo_bottle_proxy__manual_warranty_service__manual_battery_instruction__manual_download_service__manual_service_qr__copy_081.png,/mnt/f/CodexWorkspace/assembly_line_optimize/image2_ai_only_1000_atom_combinations/0081__true__missing_0__combo_bottle_proxy__manual_warranty_service__manual_battery_instruction__manual_download_service__manual_service_qr__copy_081.png
img2-0082,0082__true__missing_0__combo_bottle_proxy__manual_warranty_service__manual_battery_instruction__manual_download_service__manual_service_qr__copy_082.png,False,True,1448,1086,True,lying_bar,"[28, 736, 209, 1007]",32.838,0,bottle_proxy|manual_warranty_service|manual_battery_instruction|manual_download_service|manual_service_qr,completed_visual_reference_copy,ready_visual_review_provenance_risk,0.0,0.0,0.0,eb8e11b86f6927b0c2d490a8352f55e96e4e3c8d861099cc40dfd672cf1ac890,/mnt/f/CodexWorkspace/assembly_line_optimize/synthetic_1000_atom_proxy_combinations/0082__true__missing_0__combo_bottle_proxy__manual_warranty_service__manual_battery_instruction__manual_download_service__manual_service_qr__copy_082.png,/mnt/f/CodexWorkspace/assembly_line_optimize/image2_ai_only_1000_atom_combinations/0082__true__missing_0__combo_bottle_proxy__manual_warranty_service__manual_battery_instruction__manual_download_service__manual_service_qr__copy_082.png
img2-0083,0083__true__missing_0__combo_bottle_proxy__manual_warranty_service__manual_battery_instruction__manual_download_service__manual_service_qr__copy_083.png,False,True,1448,1086,True,lying_bar,"[1028, 20, 1184, 306]",152.642,0,bottle_proxy|manual_warranty_service|manual_battery_instruction|manual_download_service|manual_service_qr,completed_visual_reference_copy,ready_visual_review_provenance_risk,0.0,0.0,0.0,eb481091e06598e045ed13c57a00b2c3fe72e66cf9e113c7de0bbbf0fc9341b3,/mnt/f/CodexWorkspace/assembly_line_optimize/synthetic_1000_atom_proxy_combinations/0083__true__missing_0__combo_bottle_proxy__manual_warranty_service__manual_battery_instruction__manual_download_service__manual_service_qr__copy_083.png,/mnt/f/CodexWorkspace/assembly_line_optimize/image2_ai_only_1000_atom_combinations/0083__true__missing_0__combo_bottle_proxy__manual_warranty_service__manual_battery_instruction__manual_download_service__manual_service_qr__copy_083.png
img2-0084,0084__true__missing_0__combo_bottle_proxy__manual_warranty_service__manual_battery_instruction__manual_download_service__manual_service_qr__copy_084.png,False,True,1448,1086,True,upright_dot,"[650, 1016, 689, 1055]",,0,bottle_proxy|manual_warranty_service|manual_battery_instruction|manual_download_service|manual_service_qr,needs_rework_upright_scale_v2,rework_required_upright_too_small,0.077,8.87,0.0327,609d207cba2b0e8ae58377e54d777f0082528b400ce992b4665b3e62a17e309b,/mnt/f/CodexWorkspace/assembly_line_optimize/synthetic_1000_atom_proxy_combinations/0084__true__missing_0__combo_bottle_proxy__manual_warranty_service__manual_battery_instruction__manual_download_service__manual_service_qr__copy_084.png,/mnt/f/CodexWorkspace/assembly_line_optimize/image2_ai_only_1000_atom_combinations/0084__true__missing_0__combo_bottle_proxy__manual_warranty_service__manual_battery_instruction__manual_download_service__manual_service_qr__copy_084.png
img2-0085,0085__true__missing_0__combo_bottle_proxy__manual_warranty_service__manual_battery_instruction__manual_download_service__manual_service_qr__copy_085.png,False,True,1448,1086,True,upright_dot,"[200, 126, 239, 165]",,0,bottle_proxy|manual_warranty_service|manual_battery_instruction|manual_download_service|manual_service_qr,needs_rework_upright_scale_v2,rework_required_upright_too_small,0.4244,54.522,0.3595,6ca62118990b2f219a0ec7a9733a35e07ade04bf8395adc4b9ce05e7fa67a419,/mnt/f/CodexWorkspace/assembly_line_optimize/synthetic_1000_atom_proxy_combinations/0085__true__missing_0__combo_bottle_proxy__manual_warranty_service__manual_battery_instruction__manual_download_service__manual_service_qr__copy_085.png,/mnt/f/CodexWorkspace/assembly_line_optimize/image2_ai_only_1000_atom_combinations/0085__true__missing_0__combo_bottle_proxy__manual_warranty_service__manual_battery_instruction__manual_download_service__manual_service_qr__copy_085.png
img2-0086,0086__true__missing_0__combo_bottle_proxy__manual_warranty_service__manual_battery_instruction__manual_download_service__manual_service_qr__copy_086.png,False,True,1448,1086,True,lying_bar,"[375, 818, 679, 933]",108.743,0,bottle_proxy|manual_warranty_service|manual_battery_instruction|manual_download_service|manual_service_qr,completed_visual_reference_copy,ready_visual_review_provenance_risk,0.0,0.0,0.0,5beea3a339458ad6630568a378c4b9d5c5035d08621cac8fb58117c3269a0cf8,/mnt/f/CodexWorkspace/assembly_line_optimize/synthetic_1000_atom_proxy_combinations/0086__true__missing_0__combo_bottle_proxy__manual_warranty_service__manual_battery_instruction__manual_download_service__manual_service_qr__copy_086.png,/mnt/f/CodexWorkspace/assembly_line_optimize/image2_ai_only_1000_atom_combinations/0086__true__missing_0__combo_bottle_proxy__manual_warranty_service__manual_battery_instruction__manual_download_service__manual_service_qr__copy_086.png
img2-0087,0087__true__missing_0__combo_bottle_proxy__manual_warranty_service__manual_battery_instruction__manual_download_service__manual_service_qr__copy_087.png,False,True,1448,1086,True,lying_bar,"[968, 160, 1252, 319]",118.15,0,bottle_proxy|manual_warranty_service|manual_battery_instruction|manual_download_service|manual_service_qr,completed_visual_reference_copy,ready_visual_review_provenance_risk,0.0,0.0,0.0,c9e88019810b594eb3fb4f905a28174dce219ef6a2938a9cab74be19941961a2,/mnt/f/CodexWorkspace/assembly_line_optimize/synthetic_1000_atom_proxy_combinations/0087__true__missing_0__combo_bottle_proxy__manual_warranty_service__manual_battery_instruction__manual_download_service__manual_service_qr__copy_087.png,/mnt/f/CodexWorkspace/assembly_line_optimize/image2_ai_only_1000_atom_combinations/0087__true__missing_0__combo_bottle_proxy__manual_warranty_service__manual_battery_instruction__manual_download_service__manual_service_qr__copy_087.png
img2-0088,0088__true__missing_0__combo_bottle_proxy__manual_warranty_service__manual_battery_instruction__manual_download_service__manual_service_qr__copy_088.png,False,True,1448,1086,True,lying_bar,"[152, 406, 265, 709]",18.533,0,bottle_proxy|manual_warranty_service|manual_battery_instruction|manual_download_service|manual_service_qr,completed_visual_reference_copy,ready_visual_review_provenance_risk,0.0,0.0,0.0,36048fc6d6ca84cae0b80438ab756251cd7bddad9db6871ce9508f4e95b596ad,/mnt/f/CodexWorkspace/assembly_line_optimize/synthetic_1000_atom_proxy_combinations/0088__true__missing_0__combo_bottle_proxy__manual_warranty_service__manual_battery_instruction__manual_download_service__manual_service_qr__copy_088.png,/mnt/f/CodexWorkspace/assembly_line_optimize/image2_ai_only_1000_atom_combinations/0088__true__missing_0__combo_bottle_proxy__manual_warranty_service__manual_battery_instruction__manual_download_service__manual_service_qr__copy_088.png
img2-0089,0089__true__missing_0__combo_bottle_proxy__manual_warranty_service__manual_battery_instruction__manual_download_service__manual_service_qr__copy_089.png,False,True,1448,1086,True,lying_bar,"[470, 88, 747, 260]",59.248,0,bottle_proxy|manual_warranty_service|manual_battery_instruction|manual_download_service|manual_service_qr,completed_visual_reference_copy,ready_visual_review_provenance_risk,0.0,0.0,0.0,b067fcd842d514d0d38454731346df9faef69f8303fcf833226e1bcf5c1a673e,/mnt/f/CodexWorkspace/assembly_line_optimize/synthetic_1000_atom_proxy_combinations/0089__true__missing_0__combo_bottle_proxy__manual_warranty_service__manual_battery_instruction__manual_download_service__manual_service_qr__copy_089.png,/mnt/f/CodexWorkspace/assembly_line_optimize/image2_ai_only_1000_atom_combinations/0089__true__missing_0__combo_bottle_proxy__manual_warranty_service__manual_battery_instruction__manual_download_service__manual_service_qr__copy_089.png
img2-0090,0090__true__missing_0__combo_bottle_proxy__manual_warranty_service__manual_battery_instruction__manual_download_service__manual_service_qr__copy_090.png,False,True,1448,1086,True,lying_bar,"[690, 322, 893, 578]",37.951,0,bottle_proxy|manual_warranty_service|manual_battery_instruction|manual_download_service|manual_service_qr,completed_visual_reference_copy,ready_visual_review_provenance_risk,0.0,0.0,0.0,7fbb85f32d139420a26555854374b80bfd1e013ec7566542567a071e80be8465,/mnt/f/CodexWorkspace/assembly_line_optimize/synthetic_1000_atom_proxy_combinations/0090__true__missing_0__combo_bottle_proxy__manual_warranty_service__manual_battery_instruction__manual_download_service__manual_service_qr__copy_090.png,/mnt/f/CodexWorkspace/assembly_line_optimize/image2_ai_only_1000_atom_combinations/0090__true__missing_0__combo_bottle_proxy__manual_warranty_service__manual_battery_instruction__manual_download_service__manual_service_qr__copy_090.png
img2-0091,0091__true__missing_0__combo_bottle_proxy__manual_warranty_service__manual_battery_instruction__manual_download_service__manual_service_qr__copy_091.png,False,True,1448,1086,True,upright_dot,"[118, 678, 157, 717]",,0,bottle_proxy|manual_warranty_service|manual_battery_instruction|manual_download_service|manual_service_qr,needs_rework_upright_scale_v2,rework_required_upright_too_small,0.0765,9.25,0.0346,0a9e2085dda8a75b10490dd6178de11bf8fc4543f7dcd4d5b11e84948de3a1dc,/mnt/f/CodexWorkspace/assembly_line_optimize/synthetic_1000_atom_proxy_combinations/0091__true__missing_0__combo_bottle_proxy__manual_warranty_service__manual_battery_instruction__manual_download_service__manual_service_qr__copy_091.png,/mnt/f/CodexWorkspace/assembly_line_optimize/image2_ai_only_1000_atom_combinations/0091__true__missing_0__combo_bottle_proxy__manual_warranty_service__manual_battery_instruction__manual_download_service__manual_service_qr__copy_091.png
img2-0092,0092__true__missing_0__combo_bottle_proxy__manual_warranty_service__manual_battery_instruction__manual_download_service__manual_service_qr__copy_092.png,False,True,1448,1086,True,lying_bar,"[126, 714, 245, 1015]",19.846,0,bottle_proxy|manual_warranty_service|manual_battery_instruction|manual_download_service|manual_service_qr,completed_visual_reference_copy,ready_visual_review_provenance_risk,0.0,0.0,0.0,0797c9ccf97e462df646c0980cf1416fb62774b97e2ad030890d803088ac4cc0,/mnt/f/CodexWorkspace/assembly_line_optimize/synthetic_1000_atom_proxy_combinations/0092__true__missing_0__combo_bottle_proxy__manual_warranty_service__manual_battery_instruction__manual_download_service__manual_service_qr__copy_092.png,/mnt/f/CodexWorkspace/assembly_line_optimize/image2_ai_only_1000_atom_combinations/0092__true__missing_0__combo_bottle_proxy__manual_warranty_service__manual_battery_instruction__manual_download_service__manual_service_qr__copy_092.png
img2-0093,0093__true__missing_0__combo_bottle_proxy__manual_warranty_service__manual_battery_instruction__manual_download_service__manual_service_qr__copy_093.png,False,True,1448,1086,True,lying_bar,"[233, 512, 539, 616]",72.948,0,bottle_proxy|manual_warranty_service|manual_battery_instruction|manual_download_service|manual_service_qr,completed_visual_reference_copy,ready_visual_review_provenance_risk,0.0,0.0,0.0,10d404923e0c14809c91e53632f108ad5124d33e77f8b7f874f162eba0df126d,/mnt/f/CodexWorkspace/assembly_line_optimize/synthetic_1000_atom_proxy_combinations/0093__true__missing_0__combo_bottle_proxy__manual_warranty_service__manual_battery_instruction__manual_download_service__manual_service_qr__copy_093.png,/mnt/f/CodexWorkspace/assembly_line_optimize/image2_ai_only_1000_atom_combinations/0093__true__missing_0__combo_bottle_proxy__manual_warranty_service__manual_battery_instruction__manual_download_service__manual_service_qr__copy_093.png
img2-0094,0094__true__missing_0__combo_bottle_proxy__manual_warranty_service__manual_battery_instruction__manual_download_service__manual_service_qr__copy_094.png,False,True,1448,1086,True,lying_bar,"[284, 739, 557, 917]",122.354,0,bottle_proxy|manual_warranty_service|manual_battery_instruction|manual_download_service|manual_service_qr,completed_visual_reference_copy,ready_visual_review_provenance_risk,0.0,0.0,0.0,d47e272902ab8e02bf245e0aa334f26c7c2198d7823bb72614cb17f52ac6d00e,/mnt/f/CodexWorkspace/assembly_line_optimize/synthetic_1000_atom_proxy_combinations/0094__true__missing_0__combo_bottle_proxy__manual_warranty_service__manual_battery_instruction__manual_download_service__manual_service_qr__copy_094.png,/mnt/f/CodexWorkspace/assembly_line_optimize/image2_ai_only_1000_atom_combinations/0094__true__missing_0__combo_bottle_proxy__manual_warranty_service__manual_battery_instruction__manual_download_service__manual_service_qr__copy_094.png
img2-0095,0095__true__missing_0__combo_bottle_proxy__manual_warranty_service__manual_battery_instruction__manual_download_service__manual_service_qr__copy_095.png,False,True,1448,1086,True,upright_dot,"[332, 314, 371, 353]",,0,bottle_proxy|manual_warranty_service|manual_battery_instruction|manual_download_service|manual_service_qr,needs_rework_upright_scale_v2,rework_required_upright_too_small,0.1892,22.126,0.1389,f3b7fe5673ae374c9821947e09db9d34c7b79a4b340a25a727c163848dfa6355,/mnt/f/CodexWorkspace/assembly_line_optimize/synthetic_1000_atom_proxy_combinations/0095__true__missing_0__combo_bottle_proxy__manual_warranty_service__manual_battery_instruction__manual_download_service__manual_service_qr__copy_095.png,/mnt/f/CodexWorkspace/assembly_line_optimize/image2_ai_only_1000_atom_combinations/0095__true__missing_0__combo_bottle_proxy__manual_warranty_service__manual_battery_instruction__manual_download_service__manual_service_qr__copy_095.png
img2-0096,0096__true__missing_0__combo_bottle_proxy__manual_warranty_service__manual_battery_instruction__manual_download_service__manual_service_qr__copy_096.png,False,True,1448,1086,True,lying_bar,"[391, 465, 499, 771]",17.487,0,bottle_proxy|manual_warranty_service|manual_battery_instruction|manual_download_service|manual_service_qr,completed_visual_reference_copy,ready_visual_review_provenance_risk,0.0,0.0,0.0,c812843b10c891a546f32d0d1ed7d78790fb9ef1283b2a32699f0e1555aa14b1,/mnt/f/CodexWorkspace/assembly_line_optimize/synthetic_1000_atom_proxy_combinations/0096__true__missing_0__combo_bottle_proxy__manual_warranty_service__manual_battery_instruction__manual_download_service__manual_service_qr__copy_096.png,/mnt/f/CodexWorkspace/assembly_line_optimize/image2_ai_only_1000_atom_combinations/0096__true__missing_0__combo_bottle_proxy__manual_warranty_service__manual_battery_instruction__manual_download_service__manual_service_qr__copy_096.png
img2-0097,0097__true__missing_0__combo_bottle_proxy__manual_warranty_service__manual_battery_instruction__manual_download_service__manual_service_qr__copy_097.png,False,True,1448,1086,True,upright_dot,"[332, 642, 371, 681]",,0,bottle_proxy|manual_warranty_service|manual_battery_instruction|manual_download_service|manual_service_qr,needs_rework_upright_scale_v2,rework_required_upright_too_small,0.3345,42.228,0.2744,a660a9983648b7c5b5069fa695da71807781ef76f7489a861a802a2ebf6fb23e,/mnt/f/CodexWorkspace/assembly_line_optimize/synthetic_1000_atom_proxy_combinations/0097__true__missing_0__combo_bottle_proxy__manual_warranty_service__manual_battery_instruction__manual_download_service__manual_service_qr__copy_097.png,/mnt/f/CodexWorkspace/assembly_line_optimize/image2_ai_only_1000_atom_combinations/0097__true__missing_0__combo_bottle_proxy__manual_warranty_service__manual_battery_instruction__manual_download_service__manual_service_qr__copy_097.png
img2-0098,0098__true__missing_0__combo_bottle_proxy__manual_warranty_service__manual_battery_instruction__manual_download_service__manual_service_qr__copy_098.png,False,True,1448,1086,True,lying_bar,"[1197, 478, 1301, 783]",163.123,0,bottle_proxy|manual_warranty_service|manual_battery_instruction|manual_download_service|manual_service_qr,completed_visual_reference_copy,ready_visual_review_provenance_risk,0.0,0.0,0.0,9a9fe439c6f046d4cc61945a49731d34d5aed95b1d5d00b984a7377d466f51c4,/mnt/f/CodexWorkspace/assembly_line_optimize/synthetic_1000_atom_proxy_combinations/0098__true__missing_0__combo_bottle_proxy__manual_warranty_service__manual_battery_instruction__manual_download_service__manual_service_qr__copy_098.png,/mnt/f/CodexWorkspace/assembly_line_optimize/image2_ai_only_1000_atom_combinations/0098__true__missing_0__combo_bottle_proxy__manual_warranty_service__manual_battery_instruction__manual_download_service__manual_service_qr__copy_098.png
img2-0099,0099__true__missing_0__combo_bottle_proxy__manual_warranty_service__manual_battery_instruction__manual_download_service__manual_service_qr__copy_099.png,False,True,1448,1086,True,lying_bar,"[1156, 184, 1319, 466]",151.035,0,bottle_proxy|manual_warranty_service|manual_battery_instruction|manual_download_service|manual_service_qr,completed_visual_reference_copy,ready_visual_review_provenance_risk,0.0,0.0,0.0,7ebc1a71b49e90696823427bf0e0e883e83603873d70bc5a8a160b4e36e91716,/mnt/f/CodexWorkspace/assembly_line_optimize/synthetic_1000_atom_proxy_combinations/0099__true__missing_0__combo_bottle_proxy__manual_warranty_service__manual_battery_instruction__manual_download_service__manual_service_qr__copy_099.png,/mnt/f/CodexWorkspace/assembly_line_optimize/image2_ai_only_1000_atom_combinations/0099__true__missing_0__combo_bottle_proxy__manual_warranty_service__manual_battery_instruction__manual_download_service__manual_service_qr__copy_099.png
img2-0100,0100__true__missing_0__combo_bottle_proxy__manual_warranty_service__manual_battery_instruction__manual_download_service__manual_service_qr__copy_100.png,False,True,1448,1086,True,lying_bar,"[498, 807, 776, 977]",59.541,0,bottle_proxy|manual_warranty_service|manual_battery_instruction|manual_download_service|manual_service_qr,completed_visual_reference_copy,ready_visual_review_provenance_risk,0.0,0.0,0.0,eb35c11f520159582de90cf903c6448e88aa0309bf8b2067d927520a45e9b4cd,/mnt/f/CodexWorkspace/assembly_line_optimize/synthetic_1000_atom_proxy_combinations/0100__true__missing_0__combo_bottle_proxy__manual_warranty_service__manual_battery_instruction__manual_download_service__manual_service_qr__copy_100.png,/mnt/f/CodexWorkspace/assembly_line_optimize/image2_ai_only_1000_atom_combinations/0100__true__missing_0__combo_bottle_proxy__manual_warranty_service__manual_battery_instruction__manual_download_service__manual_service_qr__copy_100.png
img2-0101,0101__true__missing_0__combo_bottle_proxy__manual_warranty_service__manual_battery_instruction__manual_download_service__manual_service_qr__copy_101.png,False,True,1448,1086,True,upright_dot,"[986, 246, 1025, 285]",,0,bottle_proxy|manual_warranty_service|manual_battery_instruction|manual_download_service|manual_service_qr,needs_rework_upright_scale_v2,rework_required_upright_too_small,0.1596,18.991,0.1124,b24412d7445103fbd7db50379a0c5c82abe7187ab65851af56d4aaab31d563ac,/mnt/f/CodexWorkspace/assembly_line_optimize/synthetic_1000_atom_proxy_combinations/0101__true__missing_0__combo_bottle_proxy__manual_warranty_service__manual_battery_instruction__manual_download_service__manual_service_qr__copy_101.png,/mnt/f/CodexWorkspace/assembly_line_optimize/image2_ai_only_1000_atom_combinations/0101__true__missing_0__combo_bottle_proxy__manual_warranty_service__manual_battery_instruction__manual_download_service__manual_service_qr__copy_101.png
img2-0102,0102__true__missing_0__combo_bottle_proxy__manual_warranty_service__manual_battery_instruction__manual_download_service__manual_service_qr__copy_102.png,False,True,1448,1086,True,lying_bar,"[93, 304, 375, 467]",61.075,0,bottle_proxy|manual_warranty_service|manual_battery_instruction|manual_download_service|manual_service_qr,completed_visual_reference_copy,ready_visual_review_provenance_risk,0.0,0.0,0.0,b969ce3cb54b0af6009e4ff16de979ec8d941fd6d97d8ad1a776d4636831cd59,/mnt/f/CodexWorkspace/assembly_line_optimize/synthetic_1000_atom_proxy_combinations/0102__true__missing_0__combo_bottle_proxy__manual_warranty_service__manual_battery_instruction__manual_download_service__manual_service_qr__copy_102.png,/mnt/f/CodexWorkspace/assembly_line_optimize/image2_ai_only_1000_atom_combinations/0102__true__missing_0__combo_bottle_proxy__manual_warranty_service__manual_battery_instruction__manual_download_service__manual_service_qr__copy_102.png
img2-0103,0103__true__missing_0__combo_bottle_proxy__manual_warranty_service__manual_battery_instruction__manual_download_service__manual_service_qr__copy_103.png,False,True,1448,1086,True,lying_bar,"[217, 530, 535, 557]",92.012,0,bottle_proxy|manual_warranty_service|manual_battery_instruction|manual_download_service|manual_service_qr,completed_visual_reference_copy,ready_visual_review_provenance_risk,0.0,0.0,0.0,4ccb16ebabcf789ec7e2d563455b6afb78eb2951b26cf8dbff8981af18a06bca,/mnt/f/CodexWorkspace/assembly_line_optimize/synthetic_1000_atom_proxy_combinations/0103__true__missing_0__combo_bottle_proxy__manual_warranty_service__manual_battery_instruction__manual_download_service__manual_service_qr__copy_103.png,/mnt/f/CodexWorkspace/assembly_line_optimize/image2_ai_only_1000_atom_combinations/0103__true__missing_0__combo_bottle_proxy__manual_warranty_service__manual_battery_instruction__manual_download_service__manual_service_qr__copy_103.png
img2-0104,0104__true__missing_0__combo_bottle_proxy__manual_warranty_service__manual_battery_instruction__manual_download_service__manual_service_qr__copy_104.png,False,True,1448,1086,True,lying_bar,"[90, 510, 219, 808]",21.662,0,bottle_proxy|manual_warranty_service|manual_battery_instruction|manual_download_service|manual_service_qr,completed_visual_reference_copy,ready_visual_review_provenance_risk,0.0,0.0,0.0,673f454cb039cde5171e6cd2a99eb2ce613a2a9e1a5358a5daece5f54a09bd88,/mnt/f/CodexWorkspace/assembly_line_optimize/synthetic_1000_atom_proxy_combinations/0104__true__missing_0__combo_bottle_proxy__manual_warranty_service__manual_battery_instruction__manual_download_service__manual_service_qr__copy_104.png,/mnt/f/CodexWorkspace/assembly_line_optimize/image2_ai_only_1000_atom_combinations/0104__true__missing_0__combo_bottle_proxy__manual_warranty_service__manual_battery_instruction__manual_download_service__manual_service_qr__copy_104.png
img2-0105,0105__true__missing_0__combo_bottle_proxy__manual_warranty_service__manual_battery_instruction__manual_download_service__manual_service_qr__copy_105.png,False,True,1448,1086,True,lying_bar,"[1059, 616, 1173, 920]",18.733,0,bottle_proxy|manual_warranty_service|manual_battery_instruction|manual_download_service|manual_service_qr,completed_visual_reference_copy,ready_visual_review_provenance_risk,0.0,0.0,0.0,fb7a79e8ab502e8c8351a9735c38891e0a385269a599ba5e839068099b3a829d,/mnt/f/CodexWorkspace/assembly_line_optimize/synthetic_1000_atom_proxy_combinations/0105__true__missing_0__combo_bottle_proxy__manual_warranty_service__manual_battery_instruction__manual_download_service__manual_service_qr__copy_105.png,/mnt/f/CodexWorkspace/assembly_line_optimize/image2_ai_only_1000_atom_combinations/0105__true__missing_0__combo_bottle_proxy__manual_warranty_service__manual_battery_instruction__manual_download_service__manual_service_qr__copy_105.png
img2-0106,0106__true__missing_0__combo_bottle_proxy__manual_warranty_service__manual_battery_instruction__manual_download_service__manual_service_qr__copy_106.png,False,True,1448,1086,True,lying_bar,"[551, 518, 593, 836]",5.178,0,bottle_proxy|manual_warranty_service|manual_battery_instruction|manual_download_service|manual_service_qr,completed_visual_reference_copy,ready_visual_review_provenance_risk,0.0,0.0,0.0,ecd957e6c672801eba02eb889995985762384c21bdc0c0da92d56c43bd35fbe2,/mnt/f/CodexWorkspace/assembly_line_optimize/synthetic_1000_atom_proxy_combinations/0106__true__missing_0__combo_bottle_proxy__manual_warranty_service__manual_battery_instruction__manual_download_service__manual_service_qr__copy_106.png,/mnt/f/CodexWorkspace/assembly_line_optimize/image2_ai_only_1000_atom_combinations/0106__true__missing_0__combo_bottle_proxy__manual_warranty_service__manual_battery_instruction__manual_download_service__manual_service_qr__copy_106.png
img2-0107,0107__true__missing_0__combo_bottle_proxy__manual_warranty_service__manual_battery_instruction__manual_download_service__manual_service_qr__copy_107.png,False,True,1448,1086,True,lying_bar,"[476, 440, 609, 736]",157.26,0,bottle_proxy|manual_warranty_service|manual_battery_instruction|manual_download_service|manual_service_qr,failed_final_blocker_live_image2_scoping,blocked_no_output,0.1094,13.024,0.0536,94b570d6646cce2ae8915e53334dd42fab028bf8e8fbde531bdae647ec30e1c5,/mnt/f/CodexWorkspace/assembly_line_optimize/synthetic_1000_atom_proxy_combinations/0107__true__missing_0__combo_bottle_proxy__manual_warranty_service__manual_battery_instruction__manual_download_service__manual_service_qr__copy_107.png,/mnt/f/CodexWorkspace/assembly_line_optimize/image2_ai_only_1000_atom_combinations/0107__true__missing_0__combo_bottle_proxy__manual_warranty_service__manual_battery_instruction__manual_download_service__manual_service_qr__copy_107.png
img2-0108,0108__true__missing_0__combo_bottle_proxy__manual_warranty_service__manual_battery_instruction__manual_download_service__manual_service_qr__copy_108.png,False,True,1448,1086,True,upright_dot,"[1008, 950, 1047, 989]",,0,bottle_proxy|manual_warranty_service|manual_battery_instruction|manual_download_service|manual_service_qr,failed_final_blocker_live_image2_scoping,blocked_no_output,0.0557,6.55,0.0225,f8e0f125518e55e9eebb667fe959a5946f13004982f969bca7be35de148e58f3,/mnt/f/CodexWorkspace/assembly_line_optimize/synthetic_1000_atom_proxy_combinations/0108__true__missing_0__combo_bottle_proxy__manual_warranty_service__manual_battery_instruction__manual_download_service__manual_service_qr__copy_108.png,/mnt/f/CodexWorkspace/assembly_line_optimize/image2_ai_only_1000_atom_combinations/0108__true__missing_0__combo_bottle_proxy__manual_warranty_service__manual_battery_instruction__manual_download_service__manual_service_qr__copy_108.png
img2-0109,0109__true__missing_0__combo_bottle_proxy__manual_warranty_service__manual_battery_instruction__manual_download_service__manual_service_qr__copy_109.png,False,True,1448,1086,True,lying_bar,"[652, 158, 849, 418]",36.521,0,bottle_proxy|manual_warranty_service|manual_battery_instruction|manual_download_service|manual_service_qr,failed_final_blocker_live_image2_scoping,blocked_no_output,0.0621,7.022,0.0229,f04ce9f7035ff0d565c028997575c7e58ce040d46dc314f84fad1220dd294858,/mnt/f/CodexWorkspace/assembly_line_optimize/synthetic_1000_atom_proxy_combinations/0109__true__missing_0__combo_bottle_proxy__manual_warranty_service__manual_battery_instruction__manual_download_service__manual_service_qr__copy_109.png,/mnt/f/CodexWorkspace/assembly_line_optimize/image2_ai_only_1000_atom_combinations/0109__true__missing_0__combo_bottle_proxy__manual_warranty_service__manual_battery_instruction__manual_download_service__manual_service_qr__copy_109.png
img2-0110,0110__true__missing_0__combo_bottle_proxy__manual_warranty_service__manual_battery_instruction__manual_download_service__manual_service_qr__copy_110.png,False,True,1448,1086,True,lying_bar,"[79, 683, 385, 787]",106.965,0,bottle_proxy|manual_warranty_service|manual_battery_instruction|manual_download_service|manual_service_qr,failed_final_blocker_live_image2_scoping,blocked_no_output,0.0914,10.25,0.0484,2ec5708e7716798bdd6933a2f50a97742fd8d37fce4112e78f5fd2ece4115ac6,/mnt/f/CodexWorkspace/assembly_line_optimize/synthetic_1000_atom_proxy_combinations/0110__true__missing_0__combo_bottle_proxy__manual_warranty_service__manual_battery_instruction__manual_download_service__manual_service_qr__copy_110.png,/mnt/f/CodexWorkspace/assembly_line_optimize/image2_ai_only_1000_atom_combinations/0110__true__missing_0__combo_bottle_proxy__manual_warranty_service__manual_battery_instruction__manual_download_service__manual_service_qr__copy_110.png
img2-0111,0111__true__missing_0__combo_bottle_proxy__manual_warranty_service__manual_battery_instruction__manual_download_service__manual_service_qr__copy_111.png,True,True,1448,1086,True,lying_bar,"[800, 894, 1111, 979]",76.681,0,bottle_proxy|manual_warranty_service|manual_battery_instruction|manual_download_service|manual_service_qr,failed_final_blocker_live_image2_scoping,blocked_no_output,0.0619,6.92,0.0258,88e446a8016c6ff8cd731c9fa552933a56065b77a3279d57712e2f7968da6f82,/mnt/f/CodexWorkspace/assembly_line_optimize/synthetic_1000_atom_proxy_combinations/0111__true__missing_0__combo_bottle_proxy__manual_warranty_service__manual_battery_instruction__manual_download_service__manual_service_qr__copy_111.png,/mnt/f/CodexWorkspace/assembly_line_optimize/image2_ai_only_1000_atom_combinations/0111__true__missing_0__combo_bottle_proxy__manual_warranty_service__manual_battery_instruction__manual_download_service__manual_service_qr__copy_111.png
img2-0112,0112__true__missing_0__combo_bottle_proxy__manual_warranty_service__manual_battery_instruction__manual_download_service__manual_service_qr__copy_112.png,True,True,1448,1086,True,lying_bar,"[122, 214, 431, 309]",104.902,0,bottle_proxy|manual_warranty_service|manual_battery_instruction|manual_download_service|manual_service_qr,failed_final_blocker_live_image2_scoping,blocked_no_output,0.0753,8.298,0.0333,97754157388bfef8e0371590f9d50f9b44d62fb1902946229c4e88aaa1b9aad8,/mnt/f/CodexWorkspace/assembly_line_optimize/synthetic_1000_atom_proxy_combinations/0112__true__missing_0__combo_bottle_proxy__manual_warranty_service__manual_battery_instruction__manual_download_service__manual_service_qr__copy_112.png,/mnt/f/CodexWorkspace/assembly_line_optimize/image2_ai_only_1000_atom_combinations/0112__true__missing_0__combo_bottle_proxy__manual_warranty_service__manual_battery_instruction__manual_download_service__manual_service_qr__copy_112.png
img2-0113,0113__true__missing_0__combo_bottle_proxy__manual_warranty_service__manual_battery_instruction__manual_download_service__manual_service_qr__copy_113.png,True,True,1448,1086,True,upright_dot,"[326, 988, 365, 1027]",,0,bottle_proxy|manual_warranty_service|manual_battery_instruction|manual_download_service|manual_service_qr,failed_final_blocker_live_image2_scoping,blocked_no_output,0.0768,8.08,0.0344,2acf76daa3062a17d15edde6408e44f2167aef51ee79e45949b8f8c05de515d4,/mnt/f/CodexWorkspace/assembly_line_optimize/synthetic_1000_atom_proxy_combinations/0113__true__missing_0__combo_bottle_proxy__manual_warranty_service__manual_battery_instruction__manual_download_service__manual_service_qr__copy_113.png,/mnt/f/CodexWorkspace/assembly_line_optimize/image2_ai_only_1000_atom_combinations/0113__true__missing_0__combo_bottle_proxy__manual_warranty_service__manual_battery_instruction__manual_download_service__manual_service_qr__copy_113.png
img2-0114,0114__true__missing_0__combo_bottle_proxy__manual_warranty_service__manual_battery_instruction__manual_download_service__manual_service_qr__copy_114.png,True,True,1448,1086,True,lying_bar,"[1092, 522, 1201, 828]",162.338,0,bottle_proxy|manual_warranty_service|manual_battery_instruction|manual_download_service|manual_service_qr,failed_final_blocker_live_image2_scoping,blocked_no_output,0.1745,19.868,0.1225,8753f8520a879aea8f4ee2e21128f3b266a27ad410e31c9cb134d2abb2fc047f,/mnt/f/CodexWorkspace/assembly_line_optimize/synthetic_1000_atom_proxy_combinations/0114__true__missing_0__combo_bottle_proxy__manual_warranty_service__manual_battery_instruction__manual_download_service__manual_service_qr__copy_114.png,/mnt/f/CodexWorkspace/assembly_line_optimize/image2_ai_only_1000_atom_combinations/0114__true__missing_0__combo_bottle_proxy__manual_warranty_service__manual_battery_instruction__manual_download_service__manual_service_qr__copy_114.png
img2-0115,0115__true__missing_0__combo_bottle_proxy__manual_warranty_service__manual_battery_instruction__manual_download_service__manual_service_qr__copy_115.png,True,True,1448,1086,True,upright_dot,"[300, 826, 339, 865]",,0,bottle_proxy|manual_warranty_service|manual_battery_instruction|manual_download_service|manual_service_qr,failed_final_blocker_live_image2_scoping,blocked_no_output,0.1991,23.298,0.1494,ddb7688d31736b662ff5e9337946b89afa032a7e03f82117dddd0b3b0190d11e,/mnt/f/CodexWorkspace/assembly_line_optimize/synthetic_1000_atom_proxy_combinations/0115__true__missing_0__combo_bottle_proxy__manual_warranty_service__manual_battery_instruction__manual_download_service__manual_service_qr__copy_115.png,/mnt/f/CodexWorkspace/assembly_line_optimize/image2_ai_only_1000_atom_combinations/0115__true__missing_0__combo_bottle_proxy__manual_warranty_service__manual_battery_instruction__manual_download_service__manual_service_qr__copy_115.png
img2-0116,0116__true__missing_0__combo_bottle_proxy__manual_warranty_service__manual_battery_instruction__manual_download_service__manual_service_qr__copy_116.png,True,True,1448,1086,True,lying_bar,"[1189, 69, 1337, 359]",154.389,0,bottle_proxy|manual_warranty_service|manual_battery_instruction|manual_download_service|manual_service_qr,failed_final_blocker_live_image2_scoping,blocked_no_output,0.2109,24.532,0.1592,ffcecb6f6a598e395d38aace06ebb38822c284873f70d39d9fd9a11589b57d56,/mnt/f/CodexWorkspace/assembly_line_optimize/synthetic_1000_atom_proxy_combinations/0116__true__missing_0__combo_bottle_proxy__manual_warranty_service__manual_battery_instruction__manual_download_service__manual_service_qr__copy_116.png,/mnt/f/CodexWorkspace/assembly_line_optimize/image2_ai_only_1000_atom_combinations/0116__true__missing_0__combo_bottle_proxy__manual_warranty_service__manual_battery_instruction__manual_download_service__manual_service_qr__copy_116.png
img2-0117,0117__true__missing_0__combo_bottle_proxy__manual_warranty_service__manual_battery_instruction__manual_download_service__manual_service_qr__copy_117.png,True,True,1448,1086,True,lying_bar,"[372, 332, 686, 410]",78.207,0,bottle_proxy|manual_warranty_service|manual_battery_instruction|manual_download_service|manual_service_qr,failed_final_blocker_live_image2_scoping,blocked_no_output,0.1855,21.496,0.1318,5010739be67e60a9c397e32f1e19daf130d16d4047b86959d7aa860144bb3f7a,/mnt/f/CodexWorkspace/assembly_line_optimize/synthetic_1000_atom_proxy_combinations/0117__true__missing_0__combo_bottle_proxy__manual_warranty_service__manual_battery_instruction__manual_download_service__manual_service_qr__copy_117.png,/mnt/f/CodexWorkspace/assembly_line_optimize/image2_ai_only_1000_atom_combinations/0117__true__missing_0__combo_bottle_proxy__manual_warranty_service__manual_battery_instruction__manual_download_service__manual_service_qr__copy_117.png
img2-0157,0157__true__missing_0__combo_bottle_proxy__manual_warranty_service__manual_battery_instruction__manual_download_service__manual_service_qr__copy_157.png,False,True,1448,1086,True,upright_dot,"[328, 42, 367, 81]",,0,bottle_proxy|manual_warranty_service|manual_battery_instruction|manual_download_service|manual_service_qr,needs_rework_upright_scale_v2,rework_required_upright_too_small,0.2658,31.938,0.2113,d254c27375ac1e42be4012d935be736211a8dd3142f2b99505c2c81ced85cf4c,/mnt/f/CodexWorkspace/assembly_line_optimize/synthetic_1000_atom_proxy_combinations/0157__true__missing_0__combo_bottle_proxy__manual_warranty_service__manual_battery_instruction__manual_download_service__manual_service_qr__copy_157.png,/mnt/f/CodexWorkspace/assembly_line_optimize/image2_ai_only_1000_atom_combinations/0157__true__missing_0__combo_bottle_proxy__manual_warranty_service__manual_battery_instruction__manual_download_service__manual_service_qr__copy_157.png
img2-0158,0158__true__missing_0__combo_bottle_proxy__manual_warranty_service__manual_battery_instruction__manual_download_service__manual_service_qr__copy_158.png,False,True,1448,1086,True,lying_bar,"[254, 919, 561, 1021]",73.662,0,bottle_proxy|manual_warranty_service|manual_battery_instruction|manual_download_service|manual_service_qr,completed_live_image2,base_file_qa_pass_visual_pending,0.0806,8.756,0.0349,1b0fee61d9d627fd6923a61ba4c4a5846eba0937714d59ade3769f97f72cdbda,/mnt/f/CodexWorkspace/assembly_line_optimize/synthetic_1000_atom_proxy_combinations/0158__true__missing_0__combo_bottle_proxy__manual_warranty_service__manual_battery_instruction__manual_download_service__manual_service_qr__copy_158.png,/mnt/f/CodexWorkspace/assembly_line_optimize/image2_ai_only_1000_atom_combinations/0158__true__missing_0__combo_bottle_proxy__manual_warranty_service__manual_battery_instruction__manual_download_service__manual_service_qr__copy_158.png
img2-0159,0159__true__missing_0__combo_bottle_proxy__manual_warranty_service__manual_battery_instruction__manual_download_service__manual_service_qr__copy_159.png,False,True,1448,1086,True,upright_dot,"[454, 114, 493, 153]",,0,bottle_proxy|manual_warranty_service|manual_battery_instruction|manual_download_service|manual_service_qr,needs_rework_upright_scale_v2,rework_required_upright_too_small,0.3204,39.897,0.2611,918d6704a8dd9acf7986a77f7f3e01a230c9e928f324830191ee260170eee041,/mnt/f/CodexWorkspace/assembly_line_optimize/synthetic_1000_atom_proxy_combinations/0159__true__missing_0__combo_bottle_proxy__manual_warranty_service__manual_battery_instruction__manual_download_service__manual_service_qr__copy_159.png,/mnt/f/CodexWorkspace/assembly_line_optimize/image2_ai_only_1000_atom_combinations/0159__true__missing_0__combo_bottle_proxy__manual_warranty_service__manual_battery_instruction__manual_download_service__manual_service_qr__copy_159.png
img2-0160,0160__true__missing_0__combo_bottle_proxy__manual_warranty_service__manual_battery_instruction__manual_download_service__manual_service_qr__copy_160.png,False,True,1448,1086,True,lying_bar,"[1068, 570, 1283, 816]",139.094,0,bottle_proxy|manual_warranty_service|manual_battery_instruction|manual_download_service|manual_service_qr,completed_live_image2,base_file_qa_pass_visual_pending,0.0657,8.022,0.0275,a4329e1b50ecddc8a336c4faec0af6a714d5039dd41f3e9fb0e605576294a522,/mnt/f/CodexWorkspace/assembly_line_optimize/synthetic_1000_atom_proxy_combinations/0160__true__missing_0__combo_bottle_proxy__manual_warranty_service__manual_battery_instruction__manual_download_service__manual_service_qr__copy_160.png,/mnt/f/CodexWorkspace/assembly_line_optimize/image2_ai_only_1000_atom_combinations/0160__true__missing_0__combo_bottle_proxy__manual_warranty_service__manual_battery_instruction__manual_download_service__manual_service_qr__copy_160.png
img2-0161,0161__true__missing_0__combo_bottle_proxy__manual_warranty_service__manual_battery_instruction__manual_download_service__manual_service_qr__copy_161.png,False,True,1448,1086,True,upright_dot,"[530, 292, 569, 331]",,0,bottle_proxy|manual_warranty_service|manual_battery_instruction|manual_download_service|manual_service_qr,needs_rework_upright_scale_v2,rework_required_upright_too_small,0.2706,33.053,0.2119,daebc0a1f21f465542a0414352930d5e30cab6a49600243a4fabb074bf3b5162,/mnt/f/CodexWorkspace/assembly_line_optimize/synthetic_1000_atom_proxy_combinations/0161__true__missing_0__combo_bottle_proxy__manual_warranty_service__manual_battery_instruction__manual_download_service__manual_service_qr__copy_161.png,/mnt/f/CodexWorkspace/assembly_line_optimize/image2_ai_only_1000_atom_combinations/0161__true__missing_0__combo_bottle_proxy__manual_warranty_service__manual_battery_instruction__manual_download_service__manual_service_qr__copy_161.png
img2-0162,0162__true__missing_0__combo_bottle_proxy__manual_warranty_service__manual_battery_instruction__manual_download_service__manual_service_qr__copy_162.png,False,True,1448,1086,True,lying_bar,"[854, 529, 875, 847]",0.922,0,bottle_proxy|manual_warranty_service|manual_battery_instruction|manual_download_service|manual_service_qr,completed_live_image2,base_file_qa_pass_visual_pending,0.0885,9.534,0.0386,8187cfcfa61c4f22da550547fae8492770ee90ebbdd14a291a00f87ad1c0beb8,/mnt/f/CodexWorkspace/assembly_line_optimize/synthetic_1000_atom_proxy_combinations/0162__true__missing_0__combo_bottle_proxy__manual_warranty_service__manual_battery_instruction__manual_download_service__manual_service_qr__copy_162.png,/mnt/f/CodexWorkspace/assembly_line_optimize/image2_ai_only_1000_atom_combinations/0162__true__missing_0__combo_bottle_proxy__manual_warranty_service__manual_battery_instruction__manual_download_service__manual_service_qr__copy_162.png
img2-0163,0163__true__missing_0__combo_bottle_proxy__manual_warranty_service__manual_battery_instruction__manual_download_service__manual_service_qr__copy_163.png,False,True,1448,1086,True,lying_bar,"[46, 80, 65, 398]",179.363,0,bottle_proxy|manual_warranty_service|manual_battery_instruction|manual_download_service|manual_service_qr,completed_live_image2,base_file_qa_pass_visual_pending,0.1629,18.236,0.1112,3c481c3906a7a6da8c86bbde3928ca807569d8280de813c04a5a80d592bc5802,/mnt/f/CodexWorkspace/assembly_line_optimize/synthetic_1000_atom_proxy_combinations/0163__true__missing_0__combo_bottle_proxy__manual_warranty_service__manual_battery_instruction__manual_download_service__manual_service_qr__copy_163.png,/mnt/f/CodexWorkspace/assembly_line_optimize/image2_ai_only_1000_atom_combinations/0163__true__missing_0__combo_bottle_proxy__manual_warranty_service__manual_battery_instruction__manual_download_service__manual_service_qr__copy_163.png
img2-0164,0164__true__missing_0__combo_bottle_proxy__manual_warranty_service__manual_battery_instruction__manual_download_service__manual_service_qr__copy_164.png,False,True,1448,1086,True,upright_dot,"[412, 446, 451, 485]",,0,bottle_proxy|manual_warranty_service|manual_battery_instruction|manual_download_service|manual_service_qr,needs_rework_upright_scale_v2,rework_required_upright_too_small,0.0,0.003,0.0,e74fdf95bb023e4b8fbd931d2e464ac648298a6c4227d7858c5fc3ebf77bdb06,/mnt/f/CodexWorkspace/assembly_line_optimize/synthetic_1000_atom_proxy_combinations/0164__true__missing_0__combo_bottle_proxy__manual_warranty_service__manual_battery_instruction__manual_download_service__manual_service_qr__copy_164.png,/mnt/f/CodexWorkspace/assembly_line_optimize/image2_ai_only_1000_atom_combinations/0164__true__missing_0__combo_bottle_proxy__manual_warranty_service__manual_battery_instruction__manual_download_service__manual_service_qr__copy_164.png
img2-0165,0165__true__missing_0__combo_bottle_proxy__manual_warranty_service__manual_battery_instruction__manual_download_service__manual_service_qr__copy_165.png,False,True,1448,1086,True,lying_bar,"[500, 421, 762, 615]",54.035,0,bottle_proxy|manual_warranty_service|manual_battery_instruction|manual_download_service|manual_service_qr,completed_live_image2,base_file_qa_pass_visual_pending,0.2057,24.019,0.1562,ba1f1b6736abf89039f29b470468a6580060280e8e2e1d70fae670bbac0d550f,/mnt/f/CodexWorkspace/assembly_line_optimize/synthetic_1000_atom_proxy_combinations/0165__true__missing_0__combo_bottle_proxy__manual_warranty_service__manual_battery_instruction__manual_download_service__manual_service_qr__copy_165.png,/mnt/f/CodexWorkspace/assembly_line_optimize/image2_ai_only_1000_atom_combinations/0165__true__missing_0__combo_bottle_proxy__manual_warranty_service__manual_battery_instruction__manual_download_service__manual_service_qr__copy_165.png
img2-0166,0166__true__missing_0__combo_bottle_proxy__manual_warranty_service__manual_battery_instruction__manual_download_service__manual_service_qr__copy_166.png,False,True,1448,1086,True,lying_bar,"[504, 325, 819, 393]",80.194,0,bottle_proxy|manual_warranty_service|manual_battery_instruction|manual_download_service|manual_service_qr,completed_live_image2,base_file_qa_pass_visual_pending,0.3355,43.379,0.2785,5e189720ad48b7552ccde8470f9858ab6e8fb4cc1034175752c34977ddfab254,/mnt/f/CodexWorkspace/assembly_line_optimize/synthetic_1000_atom_proxy_combinations/0166__true__missing_0__combo_bottle_proxy__manual_warranty_service__manual_battery_instruction__manual_download_service__manual_service_qr__copy_166.png,/mnt/f/CodexWorkspace/assembly_line_optimize/image2_ai_only_1000_atom_combinations/0166__true__missing_0__combo_bottle_proxy__manual_warranty_service__manual_battery_instruction__manual_download_service__manual_service_qr__copy_166.png
img2-0167,0167__true__missing_0__combo_bottle_proxy__manual_warranty_service__manual_battery_instruction__manual_download_service__manual_service_qr__copy_167.png,False,True,1448,1086,True,lying_bar,"[1065, 124, 1297, 353]",45.364,0,bottle_proxy|manual_warranty_service|manual_battery_instruction|manual_download_service|manual_service_qr,completed_live_image2,base_file_qa_pass_visual_pending,0.3199,37.166,0.2471,b6a374b9ba927a6f9217af392e6380d3227f76fda1e4ae554892f388a340cdb9,/mnt/f/CodexWorkspace/assembly_line_optimize/synthetic_1000_atom_proxy_combinations/0167__true__missing_0__combo_bottle_proxy__manual_warranty_service__manual_battery_instruction__manual_download_service__manual_service_qr__copy_167.png,/mnt/f/CodexWorkspace/assembly_line_optimize/image2_ai_only_1000_atom_combinations/0167__true__missing_0__combo_bottle_proxy__manual_warranty_service__manual_battery_instruction__manual_download_service__manual_service_qr__copy_167.png
img2-0168,0168__true__missing_0__combo_bottle_proxy__manual_warranty_service__manual_battery_instruction__manual_download_service__manual_service_qr__copy_168.png,False,True,1448,1086,True,upright_dot,"[760, 250, 799, 289]",,0,bottle_proxy|manual_warranty_service|manual_battery_instruction|manual_download_service|manual_service_qr,needs_rework_upright_scale_v2,rework_required_upright_too_small,0.2184,25.451,0.1598,5bd05037e9da8b5f39b3a4107b8bacd1e1da6f736041ee210363e3148dda6731,/mnt/f/CodexWorkspace/assembly_line_optimize/synthetic_1000_atom_proxy_combinations/0168__true__missing_0__combo_bottle_proxy__manual_warranty_service__manual_battery_instruction__manual_download_service__manual_service_qr__copy_168.png,/mnt/f/CodexWorkspace/assembly_line_optimize/image2_ai_only_1000_atom_combinations/0168__true__missing_0__combo_bottle_proxy__manual_warranty_service__manual_battery_instruction__manual_download_service__manual_service_qr__copy_168.png
img2-0169,0169__true__missing_0__combo_bottle_proxy__manual_warranty_service__manual_battery_instruction__manual_download_service__manual_service_qr__copy_169.png,False,True,1448,1086,True,lying_bar,"[894, 244, 1206, 329]",76.435,0,bottle_proxy|manual_warranty_service|manual_battery_instruction|manual_download_service|manual_service_qr,completed_live_image2,base_file_qa_pass_visual_pending,0.2906,34.865,0.2264,66d1b9b7991cd10cc057fe19476198bfe78727b33f617cc41a0fd2a9cff7bdf1,/mnt/f/CodexWorkspace/assembly_line_optimize/synthetic_1000_atom_proxy_combinations/0169__true__missing_0__combo_bottle_proxy__manual_warranty_service__manual_battery_instruction__manual_download_service__manual_service_qr__copy_169.png,/mnt/f/CodexWorkspace/assembly_line_optimize/image2_ai_only_1000_atom_combinations/0169__true__missing_0__combo_bottle_proxy__manual_warranty_service__manual_battery_instruction__manual_download_service__manual_service_qr__copy_169.png
img2-0170,0170__true__missing_0__combo_bottle_proxy__manual_warranty_service__manual_battery_instruction__manual_download_service__manual_service_qr__copy_170.png,False,True,1448,1086,True,lying_bar,"[105, 128, 313, 379]",140.691,0,bottle_proxy|manual_warranty_service|manual_battery_instruction|manual_download_service|manual_service_qr,completed_live_image2,base_file_qa_pass_visual_pending,0.3133,38.296,0.2462,3a8da6bfa3419fdea23ff8a2f82666b0baf9e276a1208685697c02a711524c35,/mnt/f/CodexWorkspace/assembly_line_optimize/synthetic_1000_atom_proxy_combinations/0170__true__missing_0__combo_bottle_proxy__manual_warranty_service__manual_battery_instruction__manual_download_service__manual_service_qr__copy_170.png,/mnt/f/CodexWorkspace/assembly_line_optimize/image2_ai_only_1000_atom_combinations/0170__true__missing_0__combo_bottle_proxy__manual_warranty_service__manual_battery_instruction__manual_download_service__manual_service_qr__copy_170.png
img2-0171,0171__true__missing_0__combo_bottle_proxy__manual_warranty_service__manual_battery_instruction__manual_download_service__manual_service_qr__copy_171.png,False,True,1448,1086,True,lying_bar,"[194, 322, 432, 545]",133.042,0,bottle_proxy|manual_warranty_service|manual_battery_instruction|manual_download_service|manual_service_qr,failed_live_image2_overedited_scene,blocked_no_output,0.0569,6.8,0.0218,5db622541dbd1051197321c17e1b9d3182157da32e575b30c269324a80fe54de,/mnt/f/CodexWorkspace/assembly_line_optimize/synthetic_1000_atom_proxy_combinations/0171__true__missing_0__combo_bottle_proxy__manual_warranty_service__manual_battery_instruction__manual_download_service__manual_service_qr__copy_171.png,/mnt/f/CodexWorkspace/assembly_line_optimize/image2_ai_only_1000_atom_combinations/0171__true__missing_0__combo_bottle_proxy__manual_warranty_service__manual_battery_instruction__manual_download_service__manual_service_qr__copy_171.png
img2-0172,0172__true__missing_0__combo_bottle_proxy__manual_warranty_service__manual_battery_instruction__manual_download_service__manual_service_qr__copy_172.png,False,True,1448,1086,True,lying_bar,"[366, 106, 442, 420]",168.686,0,bottle_proxy|manual_warranty_service|manual_battery_instruction|manual_download_service|manual_service_qr,paused_after_0171_blocker,not_ready,0.057,7.258,0.0194,cb8d8bebcd598c8387329376b192fd01c8b256e42b226d98846418952e4b9657,/mnt/f/CodexWorkspace/assembly_line_optimize/synthetic_1000_atom_proxy_combinations/0172__true__missing_0__combo_bottle_proxy__manual_warranty_service__manual_battery_instruction__manual_download_service__manual_service_qr__copy_172.png,/mnt/f/CodexWorkspace/assembly_line_optimize/image2_ai_only_1000_atom_combinations/0172__true__missing_0__combo_bottle_proxy__manual_warranty_service__manual_battery_instruction__manual_download_service__manual_service_qr__copy_172.png
img2-0173,0173__true__missing_0__combo_bottle_proxy__manual_warranty_service__manual_battery_instruction__manual_download_service__manual_service_qr__copy_173.png,False,True,1448,1086,True,upright_dot,"[332, 918, 371, 957]",,0,bottle_proxy|manual_warranty_service|manual_battery_instruction|manual_download_service|manual_service_qr,paused_after_0171_blocker,not_ready,0.0509,6.404,0.017,de2b0d93cc9443bd481967aba232d71beb52cc9399c0e69019205bbc0dc92cbc,/mnt/f/CodexWorkspace/assembly_line_optimize/synthetic_1000_atom_proxy_combinations/0173__true__missing_0__combo_bottle_proxy__manual_warranty_service__manual_battery_instruction__manual_download_service__manual_service_qr__copy_173.png,/mnt/f/CodexWorkspace/assembly_line_optimize/image2_ai_only_1000_atom_combinations/0173__true__missing_0__combo_bottle_proxy__manual_warranty_service__manual_battery_instruction__manual_download_service__manual_service_qr__copy_173.png
img2-0174,0174__true__missing_0__combo_bottle_proxy__manual_warranty_service__manual_battery_instruction__manual_download_service__manual_service_qr__copy_174.png,False,True,1448,1086,True,lying_bar,"[1091, 1010, 1409, 1033]",91.284,0,bottle_proxy|manual_warranty_service|manual_battery_instruction|manual_download_service|manual_service_qr,paused_after_0171_blocker,not_ready,0.0681,7.357,0.0256,a2fb24f31eac67aef98c5e56fc82a5194024bbeec58b85c1052c60f7d8b2dd75,/mnt/f/CodexWorkspace/assembly_line_optimize/synthetic_1000_atom_proxy_combinations/0174__true__missing_0__combo_bottle_proxy__manual_warranty_service__manual_battery_instruction__manual_download_service__manual_service_qr__copy_174.png,/mnt/f/CodexWorkspace/assembly_line_optimize/image2_ai_only_1000_atom_combinations/0174__true__missing_0__combo_bottle_proxy__manual_warranty_service__manual_battery_instruction__manual_download_service__manual_service_qr__copy_174.png
img2-0175,0175__true__missing_0__combo_bottle_proxy__manual_warranty_service__manual_battery_instruction__manual_download_service__manual_service_qr__copy_175.png,True,True,1448,1086,True,lying_bar,"[950, 110, 1059, 415]",161.9,0,bottle_proxy|manual_warranty_service|manual_battery_instruction|manual_download_service|manual_service_qr,paused_after_0171_blocker,not_ready,0.0693,7.569,0.0278,71c90d91182c82d3c65de553c354699a33ad1f393e80aaaa9e5038120f28a0a6,/mnt/f/CodexWorkspace/assembly_line_optimize/synthetic_1000_atom_proxy_combinations/0175__true__missing_0__combo_bottle_proxy__manual_warranty_service__manual_battery_instruction__manual_download_service__manual_service_qr__copy_175.png,/mnt/f/CodexWorkspace/assembly_line_optimize/image2_ai_only_1000_atom_combinations/0175__true__missing_0__combo_bottle_proxy__manual_warranty_service__manual_battery_instruction__manual_download_service__manual_service_qr__copy_175.png
img2-0176,0176__true__missing_0__combo_bottle_proxy__manual_warranty_service__manual_battery_instruction__manual_download_service__manual_service_qr__copy_176.png,True,True,1448,1086,True,lying_bar,"[64, 686, 311, 899]",130.426,0,bottle_proxy|manual_warranty_service|manual_battery_instruction|manual_download_service|manual_service_qr,paused_after_0171_blocker,not_ready,0.1533,15.827,0.1065,2d86dcffdcc324c4af93ac807790b9cc95685680bba3705dafb3f511de3c2838,/mnt/f/CodexWorkspace/assembly_line_optimize/synthetic_1000_atom_proxy_combinations/0176__true__missing_0__combo_bottle_proxy__manual_warranty_service__manual_battery_instruction__manual_download_service__manual_service_qr__copy_176.png,/mnt/f/CodexWorkspace/assembly_line_optimize/image2_ai_only_1000_atom_combinations/0176__true__missing_0__combo_bottle_proxy__manual_warranty_service__manual_battery_instruction__manual_download_service__manual_service_qr__copy_176.png
img2-0177,0177__true__missing_0__combo_bottle_proxy__manual_warranty_service__manual_battery_instruction__manual_download_service__manual_service_qr__copy_177.png,True,True,1448,1086,True,upright_dot,"[418, 878, 457, 917]",,0,bottle_proxy|manual_warranty_service|manual_battery_instruction|manual_download_service|manual_service_qr,paused_after_0171_blocker,not_ready,0.067,7.634,0.029,a274ce742395679399bbe274025e4baf5a54b28d8ee799a531e9e43506265e0b,/mnt/f/CodexWorkspace/assembly_line_optimize/synthetic_1000_atom_proxy_combinations/0177__true__missing_0__combo_bottle_proxy__manual_warranty_service__manual_battery_instruction__manual_download_service__manual_service_qr__copy_177.png,/mnt/f/CodexWorkspace/assembly_line_optimize/image2_ai_only_1000_atom_combinations/0177__true__missing_0__combo_bottle_proxy__manual_warranty_service__manual_battery_instruction__manual_download_service__manual_service_qr__copy_177.png
img2-0178,0178__true__missing_0__combo_bottle_proxy__manual_warranty_service__manual_battery_instruction__manual_download_service__manual_service_qr__copy_178.png,True,True,1448,1086,True,lying_bar,"[570, 219, 863, 359]",66.074,0,bottle_proxy|manual_warranty_service|manual_battery_instruction|manual_download_service|manual_service_qr,paused_after_0171_blocker,not_ready,0.1576,19.791,0.1144,29b8cd8ca4b94e909bbab5d738c3c83afdd794d4f29c36a82e403a31d93f442d,/mnt/f/CodexWorkspace/assembly_line_optimize/synthetic_1000_atom_proxy_combinations/0178__true__missing_0__combo_bottle_proxy__manual_warranty_service__manual_battery_instruction__manual_download_service__manual_service_qr__copy_178.png,/mnt/f/CodexWorkspace/assembly_line_optimize/image2_ai_only_1000_atom_combinations/0178__true__missing_0__combo_bottle_proxy__manual_warranty_service__manual_battery_instruction__manual_download_service__manual_service_qr__copy_178.png
img2-0179,0179__true__missing_0__combo_bottle_proxy__manual_warranty_service__manual_battery_instruction__manual_download_service__manual_service_qr__copy_179.png,True,True,1448,1086,True,upright_dot,"[1336, 392, 1375, 431]",,0,bottle_proxy|manual_warranty_service|manual_battery_instruction|manual_download_service|manual_service_qr,paused_after_0171_blocker,not_ready,0.1241,13.691,0.0777,54d42698b0ef88388c12e2283e69c78e68cd9d8302ea71d2f4020541b3e2b212,/mnt/f/CodexWorkspace/assembly_line_optimize/synthetic_1000_atom_proxy_combinations/0179__true__missing_0__combo_bottle_proxy__manual_warranty_service__manual_battery_instruction__manual_download_service__manual_service_qr__copy_179.png,/mnt/f/CodexWorkspace/assembly_line_optimize/image2_ai_only_1000_atom_combinations/0179__true__missing_0__combo_bottle_proxy__manual_warranty_service__manual_battery_instruction__manual_download_service__manual_service_qr__copy_179.png
img2-0180,0180__true__missing_0__combo_bottle_proxy__manual_warranty_service__manual_battery_instruction__manual_download_service__manual_service_qr__copy_180.png,True,True,1448,1086,True,lying_bar,"[257, 135, 429, 411]",30.984,0,bottle_proxy|manual_warranty_service|manual_battery_instruction|manual_download_service|manual_service_qr,paused_after_0171_blocker,not_ready,0.1673,19.093,0.1191,5105d9f48cfd04aa1a22381af9b0b501066627db01a5f4768eade76eccdbae4a,/mnt/f/CodexWorkspace/assembly_line_optimize/synthetic_1000_atom_proxy_combinations/0180__true__missing_0__combo_bottle_proxy__manual_warranty_service__manual_battery_instruction__manual_download_service__manual_service_qr__copy_180.png,/mnt/f/CodexWorkspace/assembly_line_optimize/image2_ai_only_1000_atom_combinations/0180__true__missing_0__combo_bottle_proxy__manual_warranty_service__manual_battery_instruction__manual_download_service__manual_service_qr__copy_180.png
img2-0501,0501__false__missing_1__combo_bottle_proxy__manual_battery_instruction__manual_download_service__manual_service_qr__copy_001.png,False,True,1448,1086,True,lying_bar,"[338, 480, 486, 769]",154.443,1,bottle_proxy|manual_battery_instruction|manual_download_service|manual_service_qr,pending,not_ready,0.1851,21.328,0.1307,dcb8d2fc38632c5224e9b39b2efe55d8d769a243669d18d05555a8a5c88aff2e,/mnt/f/CodexWorkspace/assembly_line_optimize/synthetic_1000_atom_proxy_combinations/0501__false__missing_1__combo_bottle_proxy__manual_battery_instruction__manual_download_service__manual_service_qr__copy_001.png,/mnt/f/CodexWorkspace/assembly_line_optimize/image2_ai_only_1000_atom_combinations/0501__false__missing_1__combo_bottle_proxy__manual_battery_instruction__manual_download_service__manual_service_qr__copy_001.png
img2-0502,0502__false__missing_1__combo_bottle_proxy__manual_battery_instruction__manual_download_service__manual_service_qr__copy_002.png,False,True,1448,1086,True,lying_bar,"[891, 142, 1123, 372]",134.752,1,bottle_proxy|manual_battery_instruction|manual_download_service|manual_service_qr,pending,not_ready,0.2445,30.728,0.1947,c4aebc43bf197fcf34e77c2073e2eeae80b1b624bd0a658df0f340d447b7b942,/mnt/f/CodexWorkspace/assembly_line_optimize/synthetic_1000_atom_proxy_combinations/0502__false__missing_1__combo_bottle_proxy__manual_battery_instruction__manual_download_service__manual_service_qr__copy_002.png,/mnt/f/CodexWorkspace/assembly_line_optimize/image2_ai_only_1000_atom_combinations/0502__false__missing_1__combo_bottle_proxy__manual_battery_instruction__manual_download_service__manual_service_qr__copy_002.png
img2-0503,0503__false__missing_1__combo_bottle_proxy__manual_battery_instruction__manual_download_service__manual_service_qr__copy_003.png,False,True,1448,1086,True,lying_bar,"[222, 201, 461, 423]",47.331,1,bottle_proxy|manual_battery_instruction|manual_download_service|manual_service_qr,pending,not_ready,0.2006,26.892,0.1457,ff4e285e8743e9be0c69e3a036c18a05e6b45fd56592d8ebdd104e5ddb85ce8d,/mnt/f/CodexWorkspace/assembly_line_optimize/synthetic_1000_atom_proxy_combinations/0503__false__missing_1__combo_bottle_proxy__manual_battery_instruction__manual_download_service__manual_service_qr__copy_003.png,/mnt/f/CodexWorkspace/assembly_line_optimize/image2_ai_only_1000_atom_combinations/0503__false__missing_1__combo_bottle_proxy__manual_battery_instruction__manual_download_service__manual_service_qr__copy_003.png
img2-0504,0504__false__missing_1__combo_bottle_proxy__manual_battery_instruction__manual_download_service__manual_service_qr__copy_004.png,False,True,1448,1086,True,upright_dot,"[1014, 166, 1053, 205]",,1,bottle_proxy|manual_battery_instruction|manual_download_service|manual_service_qr,needs_rework_upright_scale_v2,rework_required_upright_too_small,0.2659,33.406,0.215,d2a87bab5eed7f49a02897a77332c7361abac990b43e254a49ab4cd5bf1dc116,/mnt/f/CodexWorkspace/assembly_line_optimize/synthetic_1000_atom_proxy_combinations/0504__false__missing_1__combo_bottle_proxy__manual_battery_instruction__manual_download_service__manual_service_qr__copy_004.png,/mnt/f/CodexWorkspace/assembly_line_optimize/image2_ai_only_1000_atom_combinations/0504__false__missing_1__combo_bottle_proxy__manual_battery_instruction__manual_download_service__manual_service_qr__copy_004.png
img2-0505,0505__false__missing_1__combo_bottle_proxy__manual_battery_instruction__manual_download_service__manual_service_qr__copy_005.png,False,True,1448,1086,True,lying_bar,"[44, 718, 312, 904]",56.194,1,bottle_proxy|manual_battery_instruction|manual_download_service|manual_service_qr,needs_rework_corrected_bottle_reference,rework_required,0.1466,18.858,0.1065,9053b48f42ed86c4d70fa8c2f668e4106ffb190d702988f8085fe8d9e778c722,/mnt/f/CodexWorkspace/assembly_line_optimize/synthetic_1000_atom_proxy_combinations/0505__false__missing_1__combo_bottle_proxy__manual_battery_instruction__manual_download_service__manual_service_qr__copy_005.png,/mnt/f/CodexWorkspace/assembly_line_optimize/image2_ai_only_1000_atom_combinations/0505__false__missing_1__combo_bottle_proxy__manual_battery_instruction__manual_download_service__manual_service_qr__copy_005.png
img2-0510,0510__false__missing_1__combo_bottle_proxy__manual_battery_instruction__manual_download_service__manual_service_qr__copy_010.png,False,True,1448,1086,True,upright_dot,"[1018, 296, 1057, 335]",,1,bottle_proxy|manual_battery_instruction|manual_download_service|manual_service_qr,needs_rework_upright_scale_v2,rework_required_upright_too_small,0.2353,29.685,0.1826,27939ed322bc216c92e52fabcfbe06e8dfb216ec0a662fb99d0d31c67e23b5cf,/mnt/f/CodexWorkspace/assembly_line_optimize/synthetic_1000_atom_proxy_combinations/0510__false__missing_1__combo_bottle_proxy__manual_battery_instruction__manual_download_service__manual_service_qr__copy_010.png,/mnt/f/CodexWorkspace/assembly_line_optimize/image2_ai_only_1000_atom_combinations/0510__false__missing_1__combo_bottle_proxy__manual_battery_instruction__manual_download_service__manual_service_qr__copy_010.png
img2-0861,0861__false__missing_1__combo_manual_warranty_service__manual_battery_instruction__manual_download_service__manual_service_qr__copy_001.png,False,True,1448,1086,True,no_bottle,,,1,manual_warranty_service|manual_battery_instruction|manual_download_service|manual_service_qr,needs_rework_corrected_bottle_reference,rework_required,0.3256,39.381,0.2573,d909bbfc1b57ac32207b7e68853938cd7a760635e23c5aa4126b5ae41d1aef87,/mnt/f/CodexWorkspace/assembly_line_optimize/synthetic_1000_atom_proxy_combinations/0861__false__missing_1__combo_manual_warranty_service__manual_battery_instruction__manual_download_service__manual_service_qr__copy_001.png,/mnt/f/CodexWorkspace/assembly_line_optimize/image2_ai_only_1000_atom_combinations/0861__false__missing_1__combo_manual_warranty_service__manual_battery_instruction__manual_download_service__manual_service_qr__copy_001.png
img2-0862,0862__false__missing_1__combo_manual_warranty_service__manual_battery_instruction__manual_download_service__manual_service_qr__copy_002.png,False,True,1448,1086,True,no_bottle,,,1,manual_warranty_service|manual_battery_instruction|manual_download_service|manual_service_qr,needs_rework_corrected_bottle_reference,rework_required,0.2632,33.482,0.2077,bb77b1aec1cdff9fbd301d727e2de034c968debdac609519396a6cda7aef79da,/mnt/f/CodexWorkspace/assembly_line_optimize/synthetic_1000_atom_proxy_combinations/0862__false__missing_1__combo_manual_warranty_service__manual_battery_instruction__manual_download_service__manual_service_qr__copy_002.png,/mnt/f/CodexWorkspace/assembly_line_optimize/image2_ai_only_1000_atom_combinations/0862__false__missing_1__combo_manual_warranty_service__manual_battery_instruction__manual_download_service__manual_service_qr__copy_002.png
img2-0951,0951__false__missing_2__combo_bottle_proxy__manual_battery_instruction__manual_download_service__copy_001.png,False,True,1448,1086,True,lying_bar,"[289, 56, 597, 153]",105.484,2,bottle_proxy|manual_battery_instruction|manual_download_service,pending,not_ready,0.0466,6.264,0.0166,8710f88eddc59c5c859e221641e8f6418bd8bbce1be58d7df36bbea99d98cb1f,/mnt/f/CodexWorkspace/assembly_line_optimize/synthetic_1000_atom_proxy_combinations/0951__false__missing_2__combo_bottle_proxy__manual_battery_instruction__manual_download_service__copy_001.png,/mnt/f/CodexWorkspace/assembly_line_optimize/image2_ai_only_1000_atom_combinations/0951__false__missing_2__combo_bottle_proxy__manual_battery_instruction__manual_download_service__copy_001.png
img2-0952,0952__false__missing_2__combo_bottle_proxy__manual_battery_instruction__manual_download_service__copy_002.png,False,True,1448,1086,True,upright_dot,"[718, 740, 757, 779]",,2,bottle_proxy|manual_battery_instruction|manual_download_service,needs_rework_upright_scale_v2,rework_required_upright_too_small,0.1969,27.058,0.1562,b79072e73b384b991d6004814c57bda4a490f2e664c37e646592e1a499626c28,/mnt/f/CodexWorkspace/assembly_line_optimize/synthetic_1000_atom_proxy_combinations/0952__false__missing_2__combo_bottle_proxy__manual_battery_instruction__manual_download_service__copy_002.png,/mnt/f/CodexWorkspace/assembly_line_optimize/image2_ai_only_1000_atom_combinations/0952__false__missing_2__combo_bottle_proxy__manual_battery_instruction__manual_download_service__copy_002.png
img2-0953,0953__false__missing_2__combo_bottle_proxy__manual_battery_instruction__manual_download_service__copy_003.png,False,True,1448,1086,True,lying_bar,"[1260, 530, 1359, 837]",164.303,2,bottle_proxy|manual_battery_instruction|manual_download_service,pending,not_ready,0.2018,25.91,0.1603,3a2cd2c669d2a2021906cda14a46ebaf7666ded0b728e35bb482f00162d913eb,/mnt/f/CodexWorkspace/assembly_line_optimize/synthetic_1000_atom_proxy_combinations/0953__false__missing_2__combo_bottle_proxy__manual_battery_instruction__manual_download_service__copy_003.png,/mnt/f/CodexWorkspace/assembly_line_optimize/image2_ai_only_1000_atom_combinations/0953__false__missing_2__combo_bottle_proxy__manual_battery_instruction__manual_download_service__copy_003.png
img2-0974,0974__false__missing_2__combo_manual_battery_instruction__manual_download_service__manual_service_qr__copy_001.png,False,True,1448,1086,True,no_bottle,,,2,manual_battery_instruction|manual_download_service|manual_service_qr,pending,not_ready,0.2813,36.076,0.2214,d28c49399c76b0236cfc1451585ae6516215d53abb0352d2926e508780067788,/mnt/f/CodexWorkspace/assembly_line_optimize/synthetic_1000_atom_proxy_combinations/0974__false__missing_2__combo_manual_battery_instruction__manual_download_service__manual_service_qr__copy_001.png,/mnt/f/CodexWorkspace/assembly_line_optimize/image2_ai_only_1000_atom_combinations/0974__false__missing_2__combo_manual_battery_instruction__manual_download_service__manual_service_qr__copy_001.png
img2-0986,0986__false__missing_3__combo_bottle_proxy__manual_battery_instruction__copy_001.png,False,True,1448,1086,True,lying_bar,"[436, 228, 744, 331]",106.504,3,bottle_proxy|manual_battery_instruction,pending,not_ready,0.1586,20.874,0.1085,8361c76bb30470a470f553071903f083194654b38d85a09cf917eaca96335658,/mnt/f/CodexWorkspace/assembly_line_optimize/synthetic_1000_atom_proxy_combinations/0986__false__missing_3__combo_bottle_proxy__manual_battery_instruction__copy_001.png,/mnt/f/CodexWorkspace/assembly_line_optimize/image2_ai_only_1000_atom_combinations/0986__false__missing_3__combo_bottle_proxy__manual_battery_instruction__copy_001.png
img2-0994,0994__false__missing_3__combo_manual_battery_instruction__manual_download_service__copy_001.png,False,True,1448,1086,True,no_bottle,,,3,manual_battery_instruction|manual_download_service,pending,not_ready,0.2964,39.569,0.2491,5c453e03934c837c3b3d8683103e1aa77c74f4588f9ba997fdff1d7a2fcb34b7,/mnt/f/CodexWorkspace/assembly_line_optimize/synthetic_1000_atom_proxy_combinations/0994__false__missing_3__combo_manual_battery_instruction__manual_download_service__copy_001.png,/mnt/f/CodexWorkspace/assembly_line_optimize/image2_ai_only_1000_atom_combinations/0994__false__missing_3__combo_manual_battery_instruction__manual_download_service__copy_001.png
